100006,100002,3002,3002,0.15,>,Y,35200,3001,
100007,100002,3002,3002,-0.15,<,Y,35200,3001,
100008,100003,3002,3002,0.2,>,Y,35200,3001,
100009,100003,3002,3002,-0.2,<,Y,35200,3001,
101100,100100,3002,3002,0.02,>,Y,35200,3001,
102100,100100,3002,3002,-0.02,<,Y,35200,3001,
101101,100101,3002,3002,0.02,>,Y,35200,3000,
102101,100101,3002,3002,-0.02,<,Y,35200,3000,
101102,100102,3002,3002,0.02,>,Y,35200,3000,
102102,100102,3002,3002,-0.02,<,Y,35200,3000,
101103,100103,3002,3002,0.02,>,Y,35200,3000,
102103,100103,3002,3002,-0.02,<,Y,35200,3000,
101104,100104,3002,3002,0.02,>,Y,35200,3000,
102104,100104,3002,3002,-0.02,<,Y,35200,3000,
101105,100105,3002,3002,0.02,>,Y,35200,3000,
102105,100105,3002,3002,-0.02,<,Y,35200,3000,
101106,100106,3002,3002,0.02,>,Y,35200,3000,
102106,100106,3002,3002,-0.02,<,Y,35200,3000,
101107,100107,3002,3002,0.02,>,Y,35200,3000,
102107,100107,3002,3002,-0.02,<,Y,35200,3000,
101108,100108,3002,3002,0.02,>,Y,35200,3000,
102108,100108,3002,3002,-0.02,<,Y,35200,3000,
101109,100109,3002,3002,0.02,>,Y,35200,3000,
102109,100109,3002,3002,-0.02,<,Y,35200,3000,
101110,100110,3002,3002,0.02,>,Y,35200,3000,
102110,100110,3002,3002,-0.02,<,Y,35200,3000,
101111,100111,3002,3002,0.02,>,Y,35200,3000,
102111,100111,3002,3002,-0.02,<,Y,35200,3000,
101112,100112,3002,3002,0.02,>,Y,35200,3000,
102112,100112,3002,3002,-0.02,<,Y,35200,3000,
101113,100113,3002,3002,0.02,>,Y,35200,3000,
102113,100113,3002,3002,-0.02,<,Y,35200,3000,
101114,100114,3002,3002,0.02,>,Y,35200,3000,
102114,100114,3002,3002,-0.02,<,Y,35200,3000,
101115,100115,3002,3002,0.02,>,Y,35200,3000,
102115,100115,3002,3002,-0.02,<,Y,35200,3000,
101116,100116,3002,3002,0.02,>,Y,35200,3000,
102116,100116,3002,3002,-0.02,<,Y,35200,3000,
101117,100117,3002,3002,0.02,>,Y,35200,3000,
102117,100117,3002,3002,-0.02,<,Y,35200,3000,
101118,100118,3002,3002,0.02,>,Y,35200,3000,
102118,100118,3002,3002,-0.02,<,Y,35200,3000,
101119,100119,3002,3002,0.02,>,Y,35200,3000,
102119,100119,3002,3002,-0.02,<,Y,35200,3000,
101120,100120,3002,3002,0.02,>,Y,35200,3000,
102120,100120,3002,3002,-0.02,<,Y,35200,3000,
101121,100121,3002,3002,0.02,>,Y,35200,3000,
102121,100121,3002,3002,-0.02,<,Y,35200,3000,
101122,100122,3002,3002,0.02,>,Y,35200,3000,
102122,100122,3002,3002,-0.02,<,Y,35200,3000,
101123,100123,3002,3002,0.02,>,Y,35200,3000,
102123,100123,3002,3002,-0.02,<,Y,35200,3000,
101124,100124,3002,3002,0.02,>,Y,35200,3000,
102124,100124,3002,3002,-0.02,<,Y,35200,3000,
101125,100125,3002,3002,0.02,>,Y,35200,3000,
102125,100125,3002,3002,-0.02,<,Y,35200,3000,
101126,100126,3002,3002,0.02,>,Y,35200,3000,
102126,100126,3002,3002,-0.02,<,Y,35200,3000,
101127,100127,3002,3002,0.02,>,Y,35200,3000,
102127,100127,3002,3002,-0.02,<,Y,35200,3000,
101128,100128,3002,3002,0.02,>,Y,35200,3000,
102128,100128,3002,3002,-0.02,<,Y,35200,3000,
101129,100129,3002,3002,0.02,>,Y,35200,3000,
102129,100129,3002,3002,-0.02,<,Y,35200,3000,
101130,100130,3002,3002,0.02,>,Y,35200,3000,
102130,100130,3002,3002,-0.02,<,Y,35200,3000,
101131,100131,3002,3002,0.02,>,Y,35200,3000,
102131,100131,3002,3002,-0.02,<,Y,35200,3000,
101132,100132,3002,3002,0.02,>,Y,35200,3000,
102132,100132,3002,3002,-0.02,<,Y,35200,3000,
101133,100133,3002,3002,0.02,>,Y,35200,3000,
102133,100133,3002,3002,-0.02,<,Y,35200,3000,
101134,100134,3002,3002,0.02,>,Y,35200,3000,
102134,100134,3002,3002,-0.02,<,Y,35200,3000,
101135,100135,3002,3002,0.02,>,Y,35200,3000,
102135,100135,3002,3002,-0.02,<,Y,35200,3000,
101136,100136,3002,3002,0.02,>,Y,35200,3000,
102136,100136,3002,3002,-0.02,<,Y,35200,3000,
101137,100137,3002,3002,0.02,>,Y,35200,3000,
102137,100137,3002,3002,-0.02,<,Y,35200,3000,
101138,100138,3002,3002,0.02,>,Y,35200,3000,
102138,100138,3002,3002,-0.02,<,Y,35200,3000,
101139,100139,3002,3002,0.02,>,Y,35200,3000,
102139,100139,3002,3002,-0.02,<,Y,35200,3000,
101140,100140,3002,3002,0.02,>,Y,35200,3000,
102140,100140,3002,3002,-0.02,<,Y,35200,3000,
101141,100141,3002,3002,0.02,>,Y,35200,3000,
102141,100141,3002,3002,-0.02,<,Y,35200,3000,
101142,100142,3002,3002,0.02,>,Y,35200,3000,
102142,100142,3002,3002,-0.02,<,Y,35200,3000,
101143,100143,3002,3002,0.02,>,Y,35200,3000,
102143,100143,3002,3002,-0.02,<,Y,35200,3000,
101144,100144,3002,3002,0,!=,Y,35200,3000,
101145,100145,3002,3002,0,!=,Y,35200,3000,
101146,100146,3002,3002,0,!=,Y,35200,3000,
101147,100147,3002,3002,0,!=,Y,35200,3000,
101148,100148,3002,3002,0,!=,Y,35200,3000,
101149,100149,3002,3002,0,!=,Y,35200,3000,
101200,100200,3002,3002,0.02,>,Y,35200,3000,
102200,100200,3002,3002,-0.02,<,Y,35200,3000,
101201,100201,3002,3002,0.02,>,Y,35200,3000,
102201,100201,3002,3002,-0.02,<,Y,35200,3000,
101202,100202,3002,3002,0.02,>,Y,35200,3000,
102202,100202,3002,3002,-0.02,<,Y,35200,3000,
101203,100203,3002,3002,0.02,>,Y,35200,3000,
102203,100203,3002,3002,-0.02,<,Y,35200,3000,
101204,100204,3002,3002,0.02,>,Y,35200,3000,
102204,100204,3002,3002,-0.02,<,Y,35200,3000,
101205,100205,3002,3002,0.02,>,Y,35200,3000,
102205,100205,3002,3002,-0.02,<,Y,35200,3000,
101206,100206,3002,3002,0.02,>,Y,35200,3000,
102206,100206,3002,3002,-0.02,<,Y,35200,3000,
101207,100207,3002,3002,0.02,>,Y,35200,3000,
102207,100207,3002,3002,-0.02,<,Y,35200,3000,
101208,100208,3002,3002,0.02,>,Y,35200,3000,
102208,100208,3002,3002,-0.02,<,Y,35200,3000,
101209,100209,3002,3002,0.02,>,Y,35200,3000,
102209,100209,3002,3002,-0.02,<,Y,35200,3000,
101210,100210,3002,3002,0.02,>,Y,35200,3000,
102210,100210,3002,3002,-0.02,<,Y,35200,3000,
101230,100230,3002,3002,0.02,>,Y,35200,3000,
102230,100230,3002,3002,-0.02,<,Y,35200,3000,
101231,100231,3002,3002,0.02,>,Y,35200,3000,
102231,100231,3002,3002,-0.02,<,Y,35200,3000,
101232,100232,3002,3002,0.02,>,Y,35200,3000,
102232,100232,3002,3002,-0.02,<,Y,35200,3000,
101233,100233,3002,3002,0.02,>,Y,35200,3000,
102233,100233,3002,3002,-0.02,<,Y,35200,3000,
101234,100234,3002,3002,0.02,>,Y,35200,3000,
102234,100234,3002,3002,-0.02,<,Y,35200,3000,
101235,100235,3002,3002,0,!=,Y,35200,3000,
101240,100240,3002,3002,0.02,>,Y,35200,3000,
102240,100240,3002,3002,-0.02,<,Y,35200,3000,
101241,100241,3002,3002,0.02,>,Y,35200,3000,
102241,100241,3002,3002,-0.02,<,Y,35200,3000,
101242,100242,3002,3002,0.02,>,Y,35200,3000,
102242,100242,3002,3002,-0.02,<,Y,35200,3000,
101243,100243,3002,3002,0.02,>,Y,35200,3000,
102243,100243,3002,3002,-0.02,<,Y,35200,3000,
101244,100244,3002,3002,0.02,>,Y,35200,3000,
102244,100244,3002,3002,-0.02,<,Y,35200,3000,
101245,100245,3002,3002,0.02,>,Y,35200,3000,
102245,100245,3002,3002,-0.02,<,Y,35200,3000,
101246,100246,3002,3002,0.02,>,Y,35200,3000,
102246,100246,3002,3002,-0.02,<,Y,35200,3000,
101247,100247,3002,3002,0.02,>,Y,35200,3000,
102247,100247,3002,3002,-0.02,<,Y,35200,3000,
101248,100248,3002,3002,0.02,>,Y,35200,3000,
102248,100248,3002,3002,-0.02,<,Y,35200,3000,
102100,100100,3002,3002,-0.02,<,Y,35200,3001,
102101,100101,3002,3002,-0.02,<,Y,35200,3000,
102102,100102,3002,3002,-0.02,<,Y,35200,3000,
102103,100103,3002,3002,-0.02,<,Y,35200,3000,
102104,100104,3002,3002,-0.02,<,Y,35200,3000,
102105,100105,3002,3002,-0.02,<,Y,35200,3000,
102106,100106,3002,3002,-0.02,<,Y,35200,3000,
102107,100107,3002,3002,-0.02,<,Y,35200,3000,
102108,100108,3002,3002,-0.02,<,Y,35200,3000,
102109,100109,3002,3002,-0.02,<,Y,35200,3000,
102110,100110,3002,3002,-0.02,<,Y,35200,3000,
102111,100111,3002,3002,-0.02,<,Y,35200,3000,
102112,100112,3002,3002,-0.02,<,Y,35200,3000,
102113,100113,3002,3002,-0.02,<,Y,35200,3000,
102114,100114,3002,3002,-0.02,<,Y,35200,3000,
102115,100115,3002,3002,-0.02,<,Y,35200,3000,
102116,100116,3002,3002,-0.02,<,Y,35200,3000,
102117,100117,3002,3002,-0.02,<,Y,35200,3000,
102118,100118,3002,3002,-0.02,<,Y,35200,3000,
102119,100119,3002,3002,-0.02,<,Y,35200,3000,
102120,100120,3002,3002,-0.02,<,Y,35200,3000,
102121,100121,3002,3002,-0.02,<,Y,35200,3000,
102122,100122,3002,3002,-0.02,<,Y,35200,3000,
102123,100123,3002,3002,-0.02,<,Y,35200,3000,
102124,100124,3002,3002,-0.02,<,Y,35200,3000,
102125,100125,3002,3002,-0.02,<,Y,35200,3000,
102126,100126,3002,3002,-0.02,<,Y,35200,3000,
102127,100127,3002,3002,-0.02,<,Y,35200,3000,
102128,100128,3002,3002,-0.02,<,Y,35200,3000,
102129,100129,3002,3002,-0.02,<,Y,35200,3000,
102130,100130,3002,3002,-0.02,<,Y,35200,3000,
102131,100131,3002,3002,-0.02,<,Y,35200,3000,
102132,100132,3002,3002,-0.02,<,Y,35200,3000,
102133,100133,3002,3002,-0.02,<,Y,35200,3000,
102134,100134,3002,3002,-0.02,<,Y,35200,3000,
102135,100135,3002,3002,-0.02,<,Y,35200,3000,
102136,100136,3002,3002,-0.02,<,Y,35200,3000,
102137,100137,3002,3002,-0.02,<,Y,35200,3000,
102138,100138,3002,3002,-0.02,<,Y,35200,3000,
102139,100139,3002,3002,-0.02,<,Y,35200,3000,
102140,100140,3002,3002,-0.02,<,Y,35200,3000,
102141,100141,3002,3002,-0.02,<,Y,35200,3000,
102142,100142,3002,3002,-0.02,<,Y,35200,3000,
102143,100143,3002,3002,-0.02,<,Y,35200,3000,
102200,100200,3002,3002,-0.02,<,Y,35200,3000,
102201,100201,3002,3002,-0.02,<,Y,35200,3000,
102202,100202,3002,3002,-0.02,<,Y,35200,3000,
102203,100203,3002,3002,-0.02,<,Y,35200,3000,
102204,100204,3002,3002,-0.02,<,Y,35200,3000,
102205,100205,3002,3002,-0.02,<,Y,35200,3000,
102206,100206,3002,3002,-0.02,<,Y,35200,3000,
102207,100207,3002,3002,-0.02,<,Y,35200,3000,
102208,100208,3002,3002,-0.02,<,Y,35200,3000,
102209,100209,3002,3002,-0.02,<,Y,35200,3000,
102210,100210,3002,3002,-0.02,<,Y,35200,3000,
102230,100230,3002,3002,-0.02,<,Y,35200,3000,
102231,100231,3002,3002,-0.02,<,Y,35200,3000,
102232,100232,3002,3002,-0.02,<,Y,35200,3000,
102233,100233,3002,3002,-0.02,<,Y,35200,3000,
102234,100234,3002,3002,-0.02,<,Y,35200,3000,
102240,100240,3002,3002,-0.02,<,Y,35200,3000,
102241,100241,3002,3002,-0.02,<,Y,35200,3000,
102242,100242,3002,3002,-0.02,<,Y,35200,3000,
102243,100243,3002,3002,-0.02,<,Y,35200,3000,
102244,100244,3002,3002,-0.02,<,Y,35200,3000,
102245,100245,3002,3002,-0.02,<,Y,35200,3000,
102246,100246,3002,3002,-0.02,<,Y,35200,3000,
102247,100247,3002,3002,-0.02,<,Y,35200,3000,
102248,100248,3002,3002,-0.02,<,Y,35200,3000,
101266,100266,3002,3002,0.02,>,Y,35200,3000,
102266,100266,3002,3002,-0.02,<,Y,35200,3000,
101267,100267,3002,3002,0.02,>,Y,35200,3000,
102267,100267,3002,3002,-0.02,<,Y,35200,3000,
101268,100268,3002,3002,0.02,>,Y,35200,3000,
102268,100268,3002,3002,-0.02,<,Y,35200,3000,
101269,100269,3002,3002,0.02,>,Y,35200,3000,
102269,100269,3002,3002,-0.02,<,Y,35200,3000,
101270,100270,3002,3002,0.02,>,Y,35200,3000,
102270,100270,3002,3002,-0.02,<,Y,35200,3000,
101271,100271,3002,3002,0.02,>,Y,35200,3000,
102271,100271,3002,3002,-0.02,<,Y,35200,3000,
101272,100272,3002,3002,0.02,>,Y,35200,3000,
102272,100272,3002,3002,-0.02,<,Y,35200,3000,
101273,100273,3002,3002,0.02,>,Y,35200,3000,
102273,100273,3002,3002,-0.02,<,Y,35200,3000,
101274,100274,3002,3002,0.02,>,Y,35200,3000,
102274,100274,3002,3002,-0.02,<,Y,35200,3000,
101275,100275,3002,3002,0.02,>,Y,35200,3000,
102275,100275,3002,3002,-0.02,<,Y,35200,3000,
101300,100300,3002,3002,0.02,>,Y,35200,3000,
102300,100300,3002,3002,-0.02,<,Y,35200,3000,
101301,100301,3002,3002,0.02,>,Y,35200,3000,
102301,100301,3002,3002,-0.02,<,Y,35200,3000,
101302,100302,3002,3002,0.02,>,Y,35200,3000,
102302,100302,3002,3002,-0.02,<,Y,35200,3000,
101303,100303,3002,3002,0.02,>,Y,35200,3000,
102303,100303,3002,3002,-0.02,<,Y,35200,3000,
101304,100304,3002,3002,0.02,>,Y,35200,3000,
102304,100304,3002,3002,-0.02,<,Y,35200,3000,
101305,100305,3002,3002,0.02,>,Y,35200,3000,
102305,100305,3002,3002,-0.02,<,Y,35200,3000,
101306,100306,3002,3002,0.02,>,Y,35200,3000,
102306,100306,3002,3002,-0.02,<,Y,35200,3000,
101307,100307,3002,3002,0.02,>,Y,35200,3000,
102307,100307,3002,3002,-0.02,<,Y,35200,3000,
101308,100308,3002,3002,0.02,>,Y,35200,3000,
102308,100308,3002,3002,-0.02,<,Y,35200,3000,
101309,100309,3002,3002,0.02,>,Y,35200,3000,
102309,100309,3002,3002,-0.02,<,Y,35200,3000,
101310,100310,3002,3002,0.02,>,Y,35200,3000,
102310,100310,3002,3002,-0.02,<,Y,35200,3000,
101311,100311,3002,3002,0.02,>,Y,35200,3000,
102311,100311,3002,3002,-0.02,<,Y,35200,3000,
101312,100312,3002,3002,0.02,>,Y,35200,3000,
102312,100312,3002,3002,-0.02,<,Y,35200,3000,
101313,100313,3002,3002,0.02,>,Y,35200,3000,
102313,100313,3002,3002,-0.02,<,Y,35200,3000,
101314,100314,3002,3002,0.02,>,Y,35200,3000,
102314,100314,3002,3002,-0.02,<,Y,35200,3000,
101315,100315,3002,3002,0.02,>,Y,35200,3000,
102315,100315,3002,3002,-0.02,<,Y,35200,3000,
101316,100316,3002,3002,0.02,>,Y,35200,3000,
102316,100316,3002,3002,-0.02,<,Y,35200,3000,
101317,100317,3002,3002,0.02,>,Y,35200,3000,
102317,100317,3002,3002,-0.02,<,Y,35200,3000,
101318,100318,3002,3002,0.02,>,Y,35200,3000,
102318,100318,3002,3002,-0.02,<,Y,35200,3000,
101319,100319,3002,3002,0.02,>,Y,35200,3000,
102319,100319,3002,3002,-0.02,<,Y,35200,3000,
101320,100320,3002,3002,0.02,>,Y,35200,3000,
102320,100320,3002,3002,-0.02,<,Y,35200,3000,
101321,100321,3002,3002,0.02,>,Y,35200,3000,
102321,100321,3002,3002,-0.02,<,Y,35200,3000,
101322,100322,3002,3002,0.02,>,Y,35200,3000,
102322,100322,3002,3002,-0.02,<,Y,35200,3000,
101323,100323,3002,3002,0.02,>,Y,35200,3000,
102323,100323,3002,3002,-0.02,<,Y,35200,3000,
101324,100324,3002,3002,0.02,>,Y,35200,3000,
102324,100324,3002,3002,-0.02,<,Y,35200,3000,
101325,100325,3002,3002,0.02,>,Y,35200,3000,
102325,100325,3002,3002,-0.02,<,Y,35200,3000,
101326,100326,3002,3002,0.02,>,Y,35200,3000,
102326,100326,3002,3002,-0.02,<,Y,35200,3000,
101327,100327,3002,3002,0.02,>,Y,35200,3000,
102327,100327,3002,3002,-0.02,<,Y,35200,3000,
101328,100328,3002,3002,0.02,>,Y,35200,3000,
102328,100328,3002,3002,-0.02,<,Y,35200,3000,
101329,100329,3002,3002,0.02,>,Y,35200,3000,
102329,100329,3002,3002,-0.02,<,Y,35200,3000,
101330,100330,3002,3002,0.02,>,Y,35200,3000,
102330,100330,3002,3002,-0.02,<,Y,35200,3000,
101331,100331,3002,3002,0.02,>,Y,35200,3000,
102331,100331,3002,3002,-0.02,<,Y,35200,3000,
101332,100332,3002,3002,0.02,>,Y,35200,3000,
102332,100332,3002,3002,-0.02,<,Y,35200,3000,
101333,100333,3002,3002,0.02,>,Y,35200,3000,
102333,100333,3002,3002,-0.02,<,Y,35200,3000,
101334,100334,3002,3002,0.02,>,Y,35200,3000,
102334,100334,3002,3002,-0.02,<,Y,35200,3000,
101335,100335,3002,3002,0.02,>,Y,35200,3000,
102335,100335,3002,3002,-0.02,<,Y,35200,3000,
101336,100336,3002,3002,0.02,>,Y,35200,3000,
102336,100336,3002,3002,-0.02,<,Y,35200,3000,
101337,100337,3002,3002,0.02,>,Y,35200,3000,
102337,100337,3002,3002,-0.02,<,Y,35200,3000,
101338,100338,3002,3002,0.02,>,Y,35200,3000,
102338,100338,3002,3002,-0.02,<,Y,35200,3000,
101339,100339,3002,3002,0.02,>,Y,35200,3000,
102339,100339,3002,3002,-0.02,<,Y,35200,3000,
101340,100340,3002,3002,0.02,>,Y,35200,3000,
102340,100340,3002,3002,-0.02,<,Y,35200,3000,
101341,100341,3002,3002,0.02,>,Y,35200,3000,
102341,100341,3002,3002,-0.02,<,Y,35200,3000,
101342,100342,3002,3002,0.02,>,Y,35200,3000,
102342,100342,3002,3002,-0.02,<,Y,35200,3000,
101343,100343,3002,3002,0.02,>,Y,35200,3000,
102343,100343,3002,3002,-0.02,<,Y,35200,3000,
101344,100344,3002,3002,0.02,>,Y,35200,3000,
102344,100344,3002,3002,-0.02,<,Y,35200,3000,
101345,100345,3002,3002,0.02,>,Y,35200,3000,
102345,100345,3002,3002,-0.02,<,Y,35200,3000,
101346,100346,3002,3002,0.02,>,Y,35200,3000,
102346,100346,3002,3002,-0.02,<,Y,35200,3000,
101347,100347,3002,3002,0.02,>,Y,35200,3000,
102347,100347,3002,3002,-0.02,<,Y,35200,3000,
101401,100401,3002,3002,0.02,>,Y,35200,3001,
102401,100401,3002,3002,-0.02,<,Y,35200,3001,
101402,100402,3002,3002,0.02,>,Y,35200,3001,
102402,100402,3002,3002,-0.02,<,Y,35200,3001,
101403,100403,3002,3002,0.02,>,Y,35200,3001,
102403,100403,3002,3002,-0.02,<,Y,35200,3001,
101404,100404,3002,3002,0.02,>,Y,35200,3001,
102404,100404,3002,3002,-0.02,<,Y,35200,3001,
101405,100405,3002,3002,0.02,>,Y,35200,3001,
102405,100405,3002,3002,-0.02,<,Y,35200,3001,
101406,100406,3002,3002,0.02,>,Y,35200,3001,
102406,100406,3002,3002,-0.02,<,Y,35200,3001,
101407,100407,3002,3002,0.02,>,Y,35200,3001,
102407,100407,3002,3002,-0.02,<,Y,35200,3001,
101408,100408,3002,3002,0.02,>,Y,35200,3001,
102408,100408,3002,3002,-0.02,<,Y,35200,3001,
101409,100409,3002,3002,0.02,>,Y,35200,3001,
102409,100409,3002,3002,-0.02,<,Y,35200,3001,
101410,100410,3002,3002,0.02,>,Y,35200,3001,
102410,100410,3002,3002,-0.02,<,Y,35200,3001,
101411,100411,3002,3002,0.02,>,Y,35200,3001,
102411,100411,3002,3002,-0.02,<,Y,35200,3001,
101412,100412,3002,3002,0.02,>,Y,35200,3001,
102412,100412,3002,3002,-0.02,<,Y,35200,3001,
101413,100413,3002,3002,0.02,>,Y,35200,3001,
102413,100413,3002,3002,-0.02,<,Y,35200,3001,
101414,100414,3002,3002,0.02,>,Y,35200,3001,
102414,100414,3002,3002,-0.02,<,Y,35200,3001,
101415,100415,3002,3002,0.02,>,Y,35200,3001,
102415,100415,3002,3002,-0.02,<,Y,35200,3001,
101416,100416,3002,3002,0.02,>,Y,35200,3001,
102416,100416,3002,3002,-0.02,<,Y,35200,3001,
101417,100417,3002,3002,0.02,>,Y,35200,3001,
102417,100417,3002,3002,-0.02,<,Y,35200,3001,
101418,100418,3002,3002,0.02,>,Y,35200,3001,
102418,100418,3002,3002,-0.02,<,Y,35200,3001,
101419,100419,3002,3002,0.02,>,Y,35200,3001,
102419,100419,3002,3002,-0.02,<,Y,35200,3001,
101420,100420,3002,3002,0.02,>,Y,35200,3001,
102420,100420,3002,3002,-0.02,<,Y,35200,3001,
101421,100421,3002,3002,0.02,>,Y,35200,3001,
102421,100421,3002,3002,-0.02,<,Y,35200,3001,
101422,100422,3002,3002,0.02,>,Y,35200,3001,
102422,100422,3002,3002,-0.02,<,Y,35200,3001,
101423,100423,3002,3002,0.02,>,Y,35200,3001,
102423,100423,3002,3002,-0.02,<,Y,35200,3001,
101424,100424,3002,3002,0.02,>,Y,35200,3001,
102424,100424,3002,3002,-0.02,<,Y,35200,3001,
101425,100425,3002,3002,0.02,>,Y,35200,3001,
102425,100425,3002,3002,-0.02,<,Y,35200,3001,
101426,100426,3002,3002,0.02,>,Y,35200,3001,
102426,100426,3002,3002,-0.02,<,Y,35200,3001,
101427,100427,3002,3002,0.02,>,Y,35200,3001,
102427,100427,3002,3002,-0.02,<,Y,35200,3001,
101428,100428,3002,3002,0.02,>,Y,35200,3001,
102428,100428,3002,3002,-0.02,<,Y,35200,3001,
101429,100429,3002,3002,0.02,>,Y,35200,3001,
102429,100429,3002,3002,-0.02,<,Y,35200,3001,
101430,100430,3002,3002,0.02,>,Y,35200,3001,
102430,100430,3002,3002,-0.02,<,Y,35200,3001,
101431,100431,3002,3002,0.02,>,Y,35200,3001,
102431,100431,3002,3002,-0.02,<,Y,35200,3001,
101432,100432,3002,3002,0.02,>,Y,35200,3001,
102432,100432,3002,3002,-0.02,<,Y,35200,3001,
101433,100433,3002,3002,0,!=,Y,35200,3000,
101434,100434,3002,3002,0,!=,Y,35200,3000,
111001,101001,3002,3002,0.02,>,Y,35200,3000,
121001,101001,3002,3002,-0.02,<,Y,35200,3000,
111002,101002,3002,3002,0.02,>,Y,35200,3000,
121002,101002,3002,3002,-0.02,<,Y,35200,3000,
111003,101003,3002,3002,0.02,>,Y,35200,3000,
121003,101003,3002,3002,-0.02,<,Y,35200,3000,
111004,101004,3002,3002,0.02,>,Y,35200,3000,
121004,101004,3002,3002,-0.02,<,Y,35200,3000,
111005,101005,3002,3002,0.02,>,Y,35200,3000,
121005,101005,3002,3002,-0.02,<,Y,35200,3000,
111006,101006,3002,3002,0.02,>,Y,35200,3000,
121006,101006,3002,3002,-0.02,<,Y,35200,3000,
111007,101007,3002,3002,0.02,>,Y,35200,3000,
121007,101007,3002,3002,-0.02,<,Y,35200,3000,
111008,101008,3002,3002,0.02,>,Y,35200,3000,
121008,101008,3002,3002,-0.02,<,Y,35200,3000,
111009,101009,3002,3002,0.02,>,Y,35200,3000,
121009,101009,3002,3002,-0.02,<,Y,35200,3000,
111010,101010,3002,3002,0.02,>,Y,35200,3000,
121010,101010,3002,3002,-0.02,<,Y,35200,3000,
111011,101011,3002,3002,0.02,>,Y,35200,3000,
121011,101011,3002,3002,-0.02,<,Y,35200,3000,
111012,101012,3002,3002,0.02,>,Y,35200,3000,
121012,101012,3002,3002,-0.02,<,Y,35200,3000,
111013,101013,3002,3002,0.02,>,Y,35200,3000,
121013,101013,3002,3002,-0.02,<,Y,35200,3000,
111014,101014,3002,3002,0.02,>,Y,35200,3000,
121014,101014,3002,3002,-0.02,<,Y,35200,3000,
111015,101015,3002,3002,0.02,>,Y,35200,3000,
121015,101015,3002,3002,-0.02,<,Y,35200,3000,
111016,101016,3002,3002,0.02,>,Y,35200,3000,
121016,101016,3002,3002,-0.02,<,Y,35200,3000,
111017,101017,3002,3002,0.02,>,Y,35200,3000,
121017,101017,3002,3002,-0.02,<,Y,35200,3000,
111018,101018,3002,3002,0.02,>,Y,35200,3000,
121018,101018,3002,3002,-0.02,<,Y,35200,3000,
111019,101019,3002,3002,0.02,>,Y,35200,3000,
121019,101019,3002,3002,-0.02,<,Y,35200,3000,
111020,101020,3002,3002,0.02,>,Y,35200,3000,
121020,101020,3002,3002,-0.02,<,Y,35200,3000,
111021,101021,3002,3002,0.02,>,Y,35200,3000,
121021,101021,3002,3002,-0.02,<,Y,35200,3000,
111022,101022,3002,3002,0.02,>,Y,35200,3000,
121022,101022,3002,3002,-0.02,<,Y,35200,3000,
111023,101023,3002,3002,0.02,>,Y,35200,3000,
121023,101023,3002,3002,-0.02,<,Y,35200,3000,
111024,101024,3002,3002,0.02,>,Y,35200,3000,
121024,101024,3002,3002,-0.02,<,Y,35200,3000,
111025,101025,3002,3002,0.02,>,Y,35200,3000,
121025,101025,3002,3002,-0.02,<,Y,35200,3000,
111026,101026,3002,3002,0.02,>,Y,35200,3000,
121026,101026,3002,3002,-0.02,<,Y,35200,3000,
111027,101027,3002,3002,0.02,>,Y,35200,3000,
121027,101027,3002,3002,-0.02,<,Y,35200,3000,
111028,101028,3002,3002,0.02,>,Y,35200,3000,
121028,101028,3002,3002,-0.02,<,Y,35200,3000,
111029,101029,3002,3002,0.02,>,Y,35200,3000,
121029,101029,3002,3002,-0.02,<,Y,35200,3000,
111030,101030,3002,3002,0.02,>,Y,35200,3000,
121030,101030,3002,3002,-0.02,<,Y,35200,3000,
111031,101031,3002,3002,0.02,>,Y,35200,3000,
121031,101031,3002,3002,-0.02,<,Y,35200,3000,
111032,101032,3002,3002,0.02,>,Y,35200,3000,
121032,101032,3002,3002,-0.02,<,Y,35200,3000,
111033,101033,3002,3002,0.02,>,Y,35200,3000,
121033,101033,3002,3002,-0.02,<,Y,35200,3000,
111034,101034,3002,3002,0.02,>,Y,35200,3000,
121034,101034,3002,3002,-0.02,<,Y,35200,3000,
111035,101035,3002,3002,0.02,>,Y,35200,3000,
121035,101035,3002,3002,-0.02,<,Y,35200,3000,
111036,101036,3002,3002,0.02,>,Y,35200,3000,
121036,101036,3002,3002,-0.02,<,Y,35200,3000,
111037,101037,3002,3002,0.02,>,Y,35200,3000,
121037,101037,3002,3002,-0.02,<,Y,35200,3000,
111038,101038,3002,3002,0.02,>,Y,35200,3000,
121038,101038,3002,3002,-0.02,<,Y,35200,3000,
111039,101039,3002,3002,0.02,>,Y,35200,3000,
121039,101039,3002,3002,-0.02,<,Y,35200,3000,
111040,101040,3002,3002,0.02,>,Y,35200,3000,
121040,101040,3002,3002,-0.02,<,Y,35200,3000,
111041,101041,3002,3002,0.02,>,Y,35200,3000,
121041,101041,3002,3002,-0.02,<,Y,35200,3000,
111042,101042,3002,3002,0.02,>,Y,35200,3000,
121042,101042,3002,3002,-0.02,<,Y,35200,3000,
111043,101043,3002,3002,0.02,>,Y,35200,3000,
121043,101043,3002,3002,-0.02,<,Y,35200,3000,
111044,101044,3002,3002,0.02,>,Y,35200,3000,
121044,101044,3002,3002,-0.02,<,Y,35200,3000,
111045,101045,3002,3002,0.02,>,Y,35200,3000,
121045,101045,3002,3002,-0.02,<,Y,35200,3000,
111046,101046,3002,3002,0.02,>,Y,35200,3000,
121046,101046,3002,3002,-0.02,<,Y,35200,3000,
111047,101047,3002,3002,0.02,>,Y,35200,3000,
121047,101047,3002,3002,-0.02,<,Y,35200,3000,
111048,101048,3002,3002,0.02,>,Y,35200,3000,
121048,101048,3002,3002,-0.02,<,Y,35200,3000,
111049,101049,3002,3002,0.02,>,Y,35200,3000,
121049,101049,3002,3002,-0.02,<,Y,35200,3000,
111050,101050,3002,3002,0.02,>,Y,35200,3000,
121050,101050,3002,3002,-0.02,<,Y,35200,3000,
111051,101051,3002,3002,0.02,>,Y,35200,3000,
121051,101051,3002,3002,-0.02,<,Y,35200,3000,
111052,101052,3002,3002,0.02,>,Y,35200,3000,
121052,101052,3002,3002,-0.02,<,Y,35200,3000,
111053,101053,3002,3002,0.02,>,Y,35200,3000,
121053,101053,3002,3002,-0.02,<,Y,35200,3000,
111054,101054,3002,3002,0.02,>,Y,35200,3000,
121054,101054,3002,3002,-0.02,<,Y,35200,3000,
111055,101055,3002,3002,0.02,>,Y,35200,3000,
121055,101055,3002,3002,-0.02,<,Y,35200,3000,
111056,101056,3002,3002,0.02,>,Y,35200,3000,
121056,101056,3002,3002,-0.02,<,Y,35200,3000,
111057,101057,3002,3002,0.02,>,Y,35200,3000,
121057,101057,3002,3002,-0.02,<,Y,35200,3000,
111058,101058,3002,3002,0.02,>,Y,35200,3000,
121058,101058,3002,3002,-0.02,<,Y,35200,3000,
111059,101059,3002,3002,0.02,>,Y,35200,3000,
121059,101059,3002,3002,-0.02,<,Y,35200,3000,
111060,101060,3002,3002,0.02,>,Y,35200,3000,
121060,101060,3002,3002,-0.02,<,Y,35200,3000,
111061,101061,3002,3002,0.02,>,Y,35200,3000,
121061,101061,3002,3002,-0.02,<,Y,35200,3000,
111062,101062,3002,3002,0.02,>,Y,35200,3000,
121062,101062,3002,3002,-0.02,<,Y,35200,3000,
111063,101063,3002,3002,0.02,>,Y,35200,3000,
121063,101063,3002,3002,-0.02,<,Y,35200,3000,
111064,101064,3002,3002,0.02,>,Y,35200,3000,
121064,101064,3002,3002,-0.02,<,Y,35200,3000,
111065,101065,3002,3002,0.02,>,Y,35200,3000,
121065,101065,3002,3002,-0.02,<,Y,35200,3000,
111066,101066,3002,3002,0.02,>,Y,35200,3000,
121066,101066,3002,3002,-0.02,<,Y,35200,3000,
111067,101067,3002,3002,0.02,>,Y,35200,3000,
121067,101067,3002,3002,-0.02,<,Y,35200,3000,
111068,101068,3002,3002,0.02,>,Y,35200,3000,
121068,101068,3002,3002,-0.02,<,Y,35200,3000,
111069,101069,3002,3002,0.02,>,Y,35200,3000,
121069,101069,3002,3002,-0.02,<,Y,35200,3000,
111070,101070,3002,3002,0.02,>,Y,35200,3000,
121070,101070,3002,3002,-0.02,<,Y,35200,3000,
111071,101071,3002,3002,0.02,>,Y,35200,3000,
121071,101071,3002,3002,-0.02,<,Y,35200,3000,
111072,101072,3002,3002,0.02,>,Y,35200,3000,
121072,101072,3002,3002,-0.02,<,Y,35200,3000,
111073,101073,3002,3002,0.02,>,Y,35200,3000,
121073,101073,3002,3002,-0.02,<,Y,35200,3000,
111074,101074,3002,3002,0.02,>,Y,35200,3000,
121074,101074,3002,3002,-0.02,<,Y,35200,3000,
111075,101075,3002,3002,0.02,>,Y,35200,3000,
121075,101075,3002,3002,-0.02,<,Y,35200,3000,
111076,101076,3002,3002,0.02,>,Y,35200,3000,
121076,101076,3002,3002,-0.02,<,Y,35200,3000,
111077,101077,3002,3002,0.02,>,Y,35200,3000,
121077,101077,3002,3002,-0.02,<,Y,35200,3000,
111078,101078,3002,3002,0.02,>,Y,35200,3000,
121078,101078,3002,3002,-0.02,<,Y,35200,3000,
111079,101079,3002,3002,0.02,>,Y,35200,3000,
121079,101079,3002,3002,-0.02,<,Y,35200,3000,
111080,101080,3002,3002,0.02,>,Y,35200,3000,
121080,101080,3002,3002,-0.02,<,Y,35200,3000,
111081,101081,3002,3002,0.02,>,Y,35200,3000,
121081,101081,3002,3002,-0.02,<,Y,35200,3000,
111082,101082,3002,3002,0.02,>,Y,35200,3000,
121082,101082,3002,3002,-0.02,<,Y,35200,3000,
111083,101083,3002,3002,0.02,>,Y,35200,3000,
121083,101083,3002,3002,-0.02,<,Y,35200,3000,
111084,101084,3002,3002,0.02,>,Y,35200,3000,
121084,101084,3002,3002,-0.02,<,Y,35200,3000,
111085,101085,3002,3002,0.02,>,Y,35200,3000,
121085,101085,3002,3002,-0.02,<,Y,35200,3000,
111086,101086,3002,3002,0.02,>,Y,35200,3000,
121086,101086,3002,3002,-0.02,<,Y,35200,3000,
111087,101087,3002,3002,0.02,>,Y,35200,3000,
121087,101087,3002,3002,-0.02,<,Y,35200,3000,
111088,101088,3002,3002,0.02,>,Y,35200,3000,
121088,101088,3002,3002,-0.02,<,Y,35200,3000,
111089,101089,3002,3002,0.02,>,Y,35200,3000,
121089,101089,3002,3002,-0.02,<,Y,35200,3000,
111090,101090,3002,3002,0.02,>,Y,35200,3000,
121090,101090,3002,3002,-0.02,<,Y,35200,3000,
111091,101091,3002,3002,0.02,>,Y,35200,3000,
121091,101091,3002,3002,-0.02,<,Y,35200,3000,
111092,101092,3002,3002,0.02,>,Y,35200,3000,
121092,101092,3002,3002,-0.02,<,Y,35200,3000,
111093,101093,3002,3002,0.02,>,Y,35200,3000,
121093,101093,3002,3002,-0.02,<,Y,35200,3000,
111094,101094,3002,3002,0.02,>,Y,35200,3000,
121094,101094,3002,3002,-0.02,<,Y,35200,3000,
111095,101095,3002,3002,0.02,>,Y,35200,3000,
121095,101095,3002,3002,-0.02,<,Y,35200,3000,
111096,101096,3002,3002,0.02,>,Y,35200,3000,
121096,101096,3002,3002,-0.02,<,Y,35200,3000,
111097,101097,3002,3002,0.02,>,Y,35200,3000,
121097,101097,3002,3002,-0.02,<,Y,35200,3000,
111098,101098,3002,3002,0.02,>,Y,35200,3000,
121098,101098,3002,3002,-0.02,<,Y,35200,3000,
111099,101099,3002,3002,0.02,>,Y,35200,3000,
121099,101099,3002,3002,-0.02,<,Y,35200,3000,
111100,101100,3002,3002,0.02,>,Y,35200,3000,
121100,101100,3002,3002,-0.02,<,Y,35200,3000,
111101,101101,3002,3002,0.02,>,Y,35200,3000,
121101,101101,3002,3002,-0.02,<,Y,35200,3000,
111102,101102,3002,3002,0.02,>,Y,35200,3000,
121102,101102,3002,3002,-0.02,<,Y,35200,3000,
111103,101103,3002,3002,0.02,>,Y,35200,3000,
121103,101103,3002,3002,-0.02,<,Y,35200,3000,
111104,101104,3002,3002,0.02,>,Y,35200,3000,
121104,101104,3002,3002,-0.02,<,Y,35200,3000,
111105,101105,3002,3002,0.02,>,Y,35200,3000,
121105,101105,3002,3002,-0.02,<,Y,35200,3000,
111106,101106,3002,3002,0.02,>,Y,35200,3000,
121106,101106,3002,3002,-0.02,<,Y,35200,3000,
111107,101107,3002,3002,0.02,>,Y,35200,3000,
121107,101107,3002,3002,-0.02,<,Y,35200,3000,
111108,101108,3002,3002,0.02,>,Y,35200,3000,
121108,101108,3002,3002,-0.02,<,Y,35200,3000,
111109,101109,3002,3002,0.02,>,Y,35200,3000,
121109,101109,3002,3002,-0.02,<,Y,35200,3000,
111110,101110,3002,3002,0.02,>,Y,35200,3000,
121110,101110,3002,3002,-0.02,<,Y,35200,3000,
111111,101111,3002,3002,0.02,>,Y,35200,3000,
121111,101111,3002,3002,-0.02,<,Y,35200,3000,
111112,101112,3002,3002,0.02,>,Y,35200,3000,
121112,101112,3002,3002,-0.02,<,Y,35200,3000,
111113,101113,3002,3002,0.02,>,Y,35200,3000,
121113,101113,3002,3002,-0.02,<,Y,35200,3000,
111114,101114,3002,3002,0.02,>,Y,35200,3000,
121114,101114,3002,3002,-0.02,<,Y,35200,3000,
111115,101115,3002,3002,0.02,>,Y,35200,3000,
121115,101115,3002,3002,-0.02,<,Y,35200,3000,
111116,101116,3002,3002,0.02,>,Y,35200,3000,
121116,101116,3002,3002,-0.02,<,Y,35200,3000,
111117,101117,3002,3002,0.02,>,Y,35200,3000,
121117,101117,3002,3002,-0.02,<,Y,35200,3000,
111118,101118,3002,3002,0.02,>,Y,35200,3000,
121118,101118,3002,3002,-0.02,<,Y,35200,3000,
111119,101119,3002,3002,0.02,>,Y,35200,3000,
121119,101119,3002,3002,-0.02,<,Y,35200,3000,
111120,101120,3002,3002,0.02,>,Y,35200,3000,
121120,101120,3002,3002,-0.02,<,Y,35200,3000,
111121,101121,3002,3002,0.02,>,Y,35200,3000,
121121,101121,3002,3002,-0.02,<,Y,35200,3000,
111122,101122,3002,3002,0.02,>,Y,35200,3000,
121122,101122,3002,3002,-0.02,<,Y,35200,3000,
111123,101123,3002,3002,0.02,>,Y,35200,3000,
121123,101123,3002,3002,-0.02,<,Y,35200,3000,
111124,101124,3002,3002,0.02,>,Y,35200,3000,
121124,101124,3002,3002,-0.02,<,Y,35200,3000,
111125,101125,3002,3002,0.02,>,Y,35200,3000,
121125,101125,3002,3002,-0.02,<,Y,35200,3000,
111126,101126,3002,3002,0.02,>,Y,35200,3000,
121126,101126,3002,3002,-0.02,<,Y,35200,3000,
111127,101127,3002,3002,0.02,>,Y,35200,3000,
121127,101127,3002,3002,-0.02,<,Y,35200,3000,
111128,101128,3002,3002,0.02,>,Y,35200,3000,
121128,101128,3002,3002,-0.02,<,Y,35200,3000,
111129,101129,3002,3002,0.02,>,Y,35200,3000,
121129,101129,3002,3002,-0.02,<,Y,35200,3000,
111130,101130,3002,3002,0.02,>,Y,35200,3000,
121130,101130,3002,3002,-0.02,<,Y,35200,3000,
111131,101131,3002,3002,0.02,>,Y,35200,3000,
121131,101131,3002,3002,-0.02,<,Y,35200,3000,
111132,101132,3002,3002,0.02,>,Y,35200,3000,
121132,101132,3002,3002,-0.02,<,Y,35200,3000,
111133,101133,3002,3002,0.02,>,Y,35200,3000,
121133,101133,3002,3002,-0.02,<,Y,35200,3000,
111134,101134,3002,3002,0.02,>,Y,35200,3000,
121134,101134,3002,3002,-0.02,<,Y,35200,3000,
111135,101135,3002,3002,0.02,>,Y,35200,3000,
121135,101135,3002,3002,-0.02,<,Y,35200,3000,
111136,101136,3002,3002,0.02,>,Y,35200,3000,
121136,101136,3002,3002,-0.02,<,Y,35200,3000,
111137,101137,3002,3002,0.02,>,Y,35200,3000,
121137,101137,3002,3002,-0.02,<,Y,35200,3000,
111138,101138,3002,3002,0.02,>,Y,35200,3000,
121138,101138,3002,3002,-0.02,<,Y,35200,3000,
111139,101139,3002,3002,0.02,>,Y,35200,3000,
121139,101139,3002,3002,-0.02,<,Y,35200,3000,
111140,101140,3002,3002,0.02,>,Y,35200,3000,
121140,101140,3002,3002,-0.02,<,Y,35200,3000,
111141,101141,3002,3002,0.02,>,Y,35200,3000,
121141,101141,3002,3002,-0.02,<,Y,35200,3000,
111142,101142,3002,3002,0.02,>,Y,35200,3000,
121142,101142,3002,3002,-0.02,<,Y,35200,3000,
111143,101143,3002,3002,0.02,>,Y,35200,3000,
121143,101143,3002,3002,-0.02,<,Y,35200,3000,
111144,101144,3002,3002,0.02,>,Y,35200,3000,
121144,101144,3002,3002,-0.02,<,Y,35200,3000,
111145,101145,3002,3002,0.02,>,Y,35200,3000,
121145,101145,3002,3002,-0.02,<,Y,35200,3000,
111146,101146,3002,3002,0.02,>,Y,35200,3000,
121146,101146,3002,3002,-0.02,<,Y,35200,3000,
111147,101147,3002,3002,0.02,>,Y,35200,3000,
121147,101147,3002,3002,-0.02,<,Y,35200,3000,
111148,101148,3002,3002,0.02,>,Y,35200,3000,
121148,101148,3002,3002,-0.02,<,Y,35200,3000,
111149,101149,3002,3002,0.02,>,Y,35200,3000,
121149,101149,3002,3002,-0.02,<,Y,35200,3000,
111150,101150,3002,3002,0.02,>,Y,35200,3000,
121150,101150,3002,3002,-0.02,<,Y,35200,3000,
111151,101151,3002,3002,0.02,>,Y,35200,3000,
121151,101151,3002,3002,-0.02,<,Y,35200,3000,
111152,101152,3002,3002,0.02,>,Y,35200,3000,
121152,101152,3002,3002,-0.02,<,Y,35200,3000,
111153,101153,3002,3002,0.02,>,Y,35200,3000,
121153,101153,3002,3002,-0.02,<,Y,35200,3000,
111154,101154,3002,3002,0.02,>,Y,35200,3000,
121154,101154,3002,3002,-0.02,<,Y,35200,3000,
111155,101155,3002,3002,0.02,>,Y,35200,3000,
121155,101155,3002,3002,-0.02,<,Y,35200,3000,
111156,101156,3002,3002,0.02,>,Y,35200,3000,
121156,101156,3002,3002,-0.02,<,Y,35200,3000,
111157,101157,3002,3002,0.02,>,Y,35200,3000,
121157,101157,3002,3002,-0.02,<,Y,35200,3000,
111158,101158,3002,3002,0.02,>,Y,35200,3000,
121158,101158,3002,3002,-0.02,<,Y,35200,3000,
111159,101159,3002,3002,0.02,>,Y,35200,3000,
121159,101159,3002,3002,-0.02,<,Y,35200,3000,
111160,101160,3002,3002,0.02,>,Y,35200,3000,
121160,101160,3002,3002,-0.02,<,Y,35200,3000,
111161,101161,3002,3002,0.02,>,Y,35200,3000,
121161,101161,3002,3002,-0.02,<,Y,35200,3000,
111162,101162,3002,3002,0.02,>,Y,35200,3000,
121162,101162,3002,3002,-0.02,<,Y,35200,3000,
111163,101163,3002,3002,0.02,>,Y,35200,3000,
121163,101163,3002,3002,-0.02,<,Y,35200,3000,
111164,101164,3002,3002,0.02,>,Y,35200,3000,
121164,101164,3002,3002,-0.02,<,Y,35200,3000,
111165,101165,3002,3002,0.02,>,Y,35200,3000,
121165,101165,3002,3002,-0.02,<,Y,35200,3000,
111166,101166,3002,3002,0.02,>,Y,35200,3000,
121166,101166,3002,3002,-0.02,<,Y,35200,3000,
111167,101167,3002,3002,0.02,>,Y,35200,3000,
121167,101167,3002,3002,-0.02,<,Y,35200,3000,
111168,101168,3002,3002,0.02,>,Y,35200,3000,
121168,101168,3002,3002,-0.02,<,Y,35200,3000,
111169,101169,3002,3002,0.02,>,Y,35200,3000,
121169,101169,3002,3002,-0.02,<,Y,35200,3000,
111170,101170,3002,3002,0.02,>,Y,35200,3000,
121170,101170,3002,3002,-0.02,<,Y,35200,3000,
111171,101171,3002,3002,0.02,>,Y,35200,3000,
121171,101171,3002,3002,-0.02,<,Y,35200,3000,
111172,101172,3002,3002,0.02,>,Y,35200,3000,
121172,101172,3002,3002,-0.02,<,Y,35200,3000,
111173,101173,3002,3002,0.02,>,Y,35200,3000,
121173,101173,3002,3002,-0.02,<,Y,35200,3000,
111174,101174,3002,3002,0.02,>,Y,35200,3000,
121174,101174,3002,3002,-0.02,<,Y,35200,3000,
111175,101175,3002,3002,0.02,>,Y,35200,3000,
121175,101175,3002,3002,-0.02,<,Y,35200,3000,
111176,101176,3002,3002,0.02,>,Y,35200,3000,
121176,101176,3002,3002,-0.02,<,Y,35200,3000,
111177,101177,3002,3002,0.02,>,Y,35200,3000,
121177,101177,3002,3002,-0.02,<,Y,35200,3000,
111178,101178,3002,3002,0.02,>,Y,35200,3000,
121178,101178,3002,3002,-0.02,<,Y,35200,3000,
111179,101179,3002,3002,0.02,>,Y,35200,3000,
121179,101179,3002,3002,-0.02,<,Y,35200,3000,
111180,101180,3002,3002,0.02,>,Y,35200,3000,
121180,101180,3002,3002,-0.02,<,Y,35200,3000,
111181,101181,3002,3002,0.02,>,Y,35200,3000,
121181,101181,3002,3002,-0.02,<,Y,35200,3000,
111182,101182,3002,3002,0.02,>,Y,35200,3000,
121182,101182,3002,3002,-0.02,<,Y,35200,3000,
111183,101183,3002,3002,0.02,>,Y,35200,3000,
121183,101183,3002,3002,-0.02,<,Y,35200,3000,
111184,101184,3002,3002,0.02,>,Y,35200,3000,
121184,101184,3002,3002,-0.02,<,Y,35200,3000,
111185,101185,3002,3002,0.02,>,Y,35200,3000,
121185,101185,3002,3002,-0.02,<,Y,35200,3000,
111186,101186,3002,3002,0.02,>,Y,35200,3000,
121186,101186,3002,3002,-0.02,<,Y,35200,3000,
111187,101187,3002,3002,0.02,>,Y,35200,3000,
121187,101187,3002,3002,-0.02,<,Y,35200,3000,
111188,101188,3002,3002,0.02,>,Y,35200,3000,
121188,101188,3002,3002,-0.02,<,Y,35200,3000,
111189,101189,3002,3002,0.02,>,Y,35200,3000,
121189,101189,3002,3002,-0.02,<,Y,35200,3000,
111190,101190,3002,3002,0.02,>,Y,35200,3000,
121190,101190,3002,3002,-0.02,<,Y,35200,3000,
111191,101191,3002,3002,0.02,>,Y,35200,3000,
121191,101191,3002,3002,-0.02,<,Y,35200,3000,
111192,101192,3002,3002,0.02,>,Y,35200,3000,
121192,101192,3002,3002,-0.02,<,Y,35200,3000,
111193,101193,3002,3002,0.02,>,Y,35200,3000,
121193,101193,3002,3002,-0.02,<,Y,35200,3000,
111194,101194,3002,3002,0.02,>,Y,35200,3000,
121194,101194,3002,3002,-0.02,<,Y,35200,3000,
111195,101195,3002,3002,0.02,>,Y,35200,3000,
121195,101195,3002,3002,-0.02,<,Y,35200,3000,
111196,101196,3002,3002,0.02,>,Y,35200,3000,
121196,101196,3002,3002,-0.02,<,Y,35200,3000,
111197,101197,3002,3002,0.02,>,Y,35200,3000,
121197,101197,3002,3002,-0.02,<,Y,35200,3000,
111198,101198,3002,3002,0.02,>,Y,35200,3000,
121198,101198,3002,3002,-0.02,<,Y,35200,3000,
111199,101199,3002,3002,0.02,>,Y,35200,3000,
121199,101199,3002,3002,-0.02,<,Y,35200,3000,
111200,101200,3002,3002,0.02,>,Y,35200,3000,
121200,101200,3002,3002,-0.02,<,Y,35200,3000,
111201,101201,3002,3002,0.02,>,Y,35200,3000,
121201,101201,3002,3002,-0.02,<,Y,35200,3000,
111202,101202,3002,3002,0.02,>,Y,35200,3000,
121202,101202,3002,3002,-0.02,<,Y,35200,3000,
111203,101203,3002,3002,0.02,>,Y,35200,3000,
121203,101203,3002,3002,-0.02,<,Y,35200,3000,
111204,101204,3002,3002,0.02,>,Y,35200,3000,
121204,101204,3002,3002,-0.02,<,Y,35200,3000,
111205,101205,3002,3002,0.02,>,Y,35200,3000,
121205,101205,3002,3002,-0.02,<,Y,35200,3000,
111206,101206,3002,3002,0.02,>,Y,35200,3000,
121206,101206,3002,3002,-0.02,<,Y,35200,3000,
111207,101207,3002,3002,0.02,>,Y,35200,3000,
121207,101207,3002,3002,-0.02,<,Y,35200,3000,
111208,101208,3002,3002,0.02,>,Y,35200,3000,
121208,101208,3002,3002,-0.02,<,Y,35200,3000,
111209,101209,3002,3002,0.02,>,Y,35200,3000,
121209,101209,3002,3002,-0.02,<,Y,35200,3000,
111210,101210,3002,3002,0.02,>,Y,35200,3000,
121210,101210,3002,3002,-0.02,<,Y,35200,3000,
111211,101211,3002,3002,0.02,>,Y,35200,3000,
121211,101211,3002,3002,-0.02,<,Y,35200,3000,
111212,101212,3002,3002,0.02,>,Y,35200,3000,
121212,101212,3002,3002,-0.02,<,Y,35200,3000,
111213,101213,3002,3002,0.02,>,Y,35200,3000,
121213,101213,3002,3002,-0.02,<,Y,35200,3000,
111214,101214,3002,3002,0.02,>,Y,35200,3000,
121214,101214,3002,3002,-0.02,<,Y,35200,3000,
111215,101215,3002,3002,0.02,>,Y,35200,3000,
121215,101215,3002,3002,-0.02,<,Y,35200,3000,
111216,101216,3002,3002,0.02,>,Y,35200,3000,
121216,101216,3002,3002,-0.02,<,Y,35200,3000,
111217,101217,3002,3002,0.02,>,Y,35200,3000,
121217,101217,3002,3002,-0.02,<,Y,35200,3000,
111218,101218,3002,3002,0.02,>,Y,35200,3000,
121218,101218,3002,3002,-0.02,<,Y,35200,3000,
111219,101219,3002,3002,0.02,>,Y,35200,3000,
121219,101219,3002,3002,-0.02,<,Y,35200,3000,
111220,101220,3002,3002,0.02,>,Y,35200,3000,
121220,101220,3002,3002,-0.02,<,Y,35200,3000,
111221,101221,3002,3002,0.02,>,Y,35200,3000,
121221,101221,3002,3002,-0.02,<,Y,35200,3000,
111222,101222,3002,3002,0.02,>,Y,35200,3000,
121222,101222,3002,3002,-0.02,<,Y,35200,3000,
111223,101223,3002,3002,0.02,>,Y,35200,3000,
121223,101223,3002,3002,-0.02,<,Y,35200,3000,
111224,101224,3002,3002,0.02,>,Y,35200,3000,
121224,101224,3002,3002,-0.02,<,Y,35200,3000,
111225,101225,3002,3002,0.02,>,Y,35200,3000,
121225,101225,3002,3002,-0.02,<,Y,35200,3000,
111226,101226,3002,3002,0.02,>,Y,35200,3000,
121226,101226,3002,3002,-0.02,<,Y,35200,3000,
111227,101227,3002,3002,0.02,>,Y,35200,3000,
121227,101227,3002,3002,-0.02,<,Y,35200,3000,
111228,101228,3002,3002,0.02,>,Y,35200,3000,
121228,101228,3002,3002,-0.02,<,Y,35200,3000,
111229,101229,3002,3002,0.02,>,Y,35200,3000,
121229,101229,3002,3002,-0.02,<,Y,35200,3000,
111230,101230,3002,3002,0.02,>,Y,35200,3000,
121230,101230,3002,3002,-0.02,<,Y,35200,3000,
111231,101231,3002,3002,0.02,>,Y,35200,3000,
121231,101231,3002,3002,-0.02,<,Y,35200,3000,
111232,101232,3002,3002,0.02,>,Y,35200,3000,
121232,101232,3002,3002,-0.02,<,Y,35200,3000,
111233,101233,3002,3002,0.02,>,Y,35200,3000,
121233,101233,3002,3002,-0.02,<,Y,35200,3000,
111234,101234,3002,3002,0.02,>,Y,35200,3000,
121234,101234,3002,3002,-0.02,<,Y,35200,3000,
111235,101235,3002,3002,0.02,>,Y,35200,3000,
121235,101235,3002,3002,-0.02,<,Y,35200,3000,
111236,101236,3002,3002,0.02,>,Y,35200,3000,
121236,101236,3002,3002,-0.02,<,Y,35200,3000,
111237,101237,3002,3002,0.02,>,Y,35200,3000,
121237,101237,3002,3002,-0.02,<,Y,35200,3000,
111238,101238,3002,3002,0.02,>,Y,35200,3000,
121238,101238,3002,3002,-0.02,<,Y,35200,3000,
111239,101239,3002,3002,0.02,>,Y,35200,3000,
121239,101239,3002,3002,-0.02,<,Y,35200,3000,
111240,101240,3002,3002,0.02,>,Y,35200,3000,
121240,101240,3002,3002,-0.02,<,Y,35200,3000,
111241,101241,3002,3002,0.02,>,Y,35200,3000,
121241,101241,3002,3002,-0.02,<,Y,35200,3000,
111242,101242,3002,3002,0.02,>,Y,35200,3000,
121242,101242,3002,3002,-0.02,<,Y,35200,3000,
111243,101243,3002,3002,0.02,>,Y,35200,3000,
121243,101243,3002,3002,-0.02,<,Y,35200,3000,
111244,101244,3002,3002,0.02,>,Y,35200,3000,
121244,101244,3002,3002,-0.02,<,Y,35200,3000,
111245,101245,3002,3002,0.02,>,Y,35200,3000,
121245,101245,3002,3002,-0.02,<,Y,35200,3000,
111246,101246,3002,3002,0.02,>,Y,35200,3000,
121246,101246,3002,3002,-0.02,<,Y,35200,3000,
111247,101247,3002,3002,0.02,>,Y,35200,3000,
121247,101247,3002,3002,-0.02,<,Y,35200,3000,
111248,101248,3002,3002,0.02,>,Y,35200,3000,
121248,101248,3002,3002,-0.02,<,Y,35200,3000,
111249,101249,3002,3002,0.02,>,Y,35200,3000,
121249,101249,3002,3002,-0.02,<,Y,35200,3000,
111250,101250,3002,3002,0.02,>,Y,35200,3000,
121250,101250,3002,3002,-0.02,<,Y,35200,3000,
111251,101251,3002,3002,0.02,>,Y,35200,3000,
121251,101251,3002,3002,-0.02,<,Y,35200,3000,
111252,101252,3002,3002,0.02,>,Y,35200,3000,
121252,101252,3002,3002,-0.02,<,Y,35200,3000,
111253,101253,3002,3002,0.02,>,Y,35200,3000,
121253,101253,3002,3002,-0.02,<,Y,35200,3000,
111254,101254,3002,3002,0.02,>,Y,35200,3000,
121254,101254,3002,3002,-0.02,<,Y,35200,3000,
111255,101255,3002,3002,0.02,>,Y,35200,3000,
121255,101255,3002,3002,-0.02,<,Y,35200,3000,
111256,101256,3002,3002,0.02,>,Y,35200,3000,
121256,101256,3002,3002,-0.02,<,Y,35200,3000,
111257,101257,3002,3002,0.02,>,Y,35200,3000,
121257,101257,3002,3002,-0.02,<,Y,35200,3000,
111258,101258,3002,3002,0.02,>,Y,35200,3000,
121258,101258,3002,3002,-0.02,<,Y,35200,3000,
111259,101259,3002,3002,0.02,>,Y,35200,3000,
121259,101259,3002,3002,-0.02,<,Y,35200,3000,
111260,101260,3002,3002,0.02,>,Y,35200,3000,
121260,101260,3002,3002,-0.02,<,Y,35200,3000,
111261,101261,3002,3002,0.02,>,Y,35200,3000,
121261,101261,3002,3002,-0.02,<,Y,35200,3000,
111262,101262,3002,3002,0.02,>,Y,35200,3000,
121262,101262,3002,3002,-0.02,<,Y,35200,3000,
111263,101263,3002,3002,0.02,>,Y,35200,3000,
121263,101263,3002,3002,-0.02,<,Y,35200,3000,
111264,101264,3002,3002,0.02,>,Y,35200,3000,
121264,101264,3002,3002,-0.02,<,Y,35200,3000,
111265,101265,3002,3002,0.02,>,Y,35200,3000,
121265,101265,3002,3002,-0.02,<,Y,35200,3000,
111266,101266,3002,3002,0.02,>,Y,35200,3000,
121266,101266,3002,3002,-0.02,<,Y,35200,3000,
111267,101267,3002,3002,0.02,>,Y,35200,3000,
121267,101267,3002,3002,-0.02,<,Y,35200,3000,
111268,101268,3002,3002,0.02,>,Y,35200,3000,
121268,101268,3002,3002,-0.02,<,Y,35200,3000,
111269,101269,3002,3002,0.02,>,Y,35200,3000,
121269,101269,3002,3002,-0.02,<,Y,35200,3000,
111270,101270,3002,3002,0.02,>,Y,35200,3000,
121270,101270,3002,3002,-0.02,<,Y,35200,3000,
111271,101271,3002,3002,0.02,>,Y,35200,3000,
121271,101271,3002,3002,-0.02,<,Y,35200,3000,
111272,101272,3002,3002,0.02,>,Y,35200,3000,
121272,101272,3002,3002,-0.02,<,Y,35200,3000,
111273,101273,3002,3002,0.02,>,Y,35200,3000,
121273,101273,3002,3002,-0.02,<,Y,35200,3000,
111274,101274,3002,3002,0.02,>,Y,35200,3000,
121274,101274,3002,3002,-0.02,<,Y,35200,3000,
111275,101275,3002,3002,0.02,>,Y,35200,3000,
121275,101275,3002,3002,-0.02,<,Y,35200,3000,
111276,101276,3002,3002,0.02,>,Y,35200,3000,
121276,101276,3002,3002,-0.02,<,Y,35200,3000,
111277,101277,3002,3002,0.02,>,Y,35200,3000,
121277,101277,3002,3002,-0.02,<,Y,35200,3000,
111278,101278,3002,3002,0.02,>,Y,35200,3000,
121278,101278,3002,3002,-0.02,<,Y,35200,3000,
111279,101279,3002,3002,0.02,>,Y,35200,3000,
121279,101279,3002,3002,-0.02,<,Y,35200,3000,
111280,101280,3002,3002,0.02,>,Y,35200,3000,
121280,101280,3002,3002,-0.02,<,Y,35200,3000,
111281,101281,3002,3002,0.02,>,Y,35200,3000,
121281,101281,3002,3002,-0.02,<,Y,35200,3000,
111282,101282,3002,3002,0.02,>,Y,35200,3000,
121282,101282,3002,3002,-0.02,<,Y,35200,3000,
111283,101283,3002,3002,0.02,>,Y,35200,3000,
121283,101283,3002,3002,-0.02,<,Y,35200,3000,
111284,101284,3002,3002,0.02,>,Y,35200,3000,
121284,101284,3002,3002,-0.02,<,Y,35200,3000,
111285,101285,3002,3002,0.02,>,Y,35200,3000,
121285,101285,3002,3002,-0.02,<,Y,35200,3000,
111286,101286,3002,3002,0.02,>,Y,35200,3000,
121286,101286,3002,3002,-0.02,<,Y,35200,3000,
111287,101287,3002,3002,0.02,>,Y,35200,3000,
121287,101287,3002,3002,-0.02,<,Y,35200,3000,
111288,101288,3002,3002,0.02,>,Y,35200,3000,
121288,101288,3002,3002,-0.02,<,Y,35200,3000,
111289,101289,3002,3002,0.02,>,Y,35200,3000,
121289,101289,3002,3002,-0.02,<,Y,35200,3000,
111290,101290,3002,3002,0.02,>,Y,35200,3000,
121290,101290,3002,3002,-0.02,<,Y,35200,3000,
111291,101291,3002,3002,0.02,>,Y,35200,3000,
121291,101291,3002,3002,-0.02,<,Y,35200,3000,
111292,101292,3002,3002,0.02,>,Y,35200,3000,
121292,101292,3002,3002,-0.02,<,Y,35200,3000,
111293,101293,3002,3002,0.02,>,Y,35200,3000,
121293,101293,3002,3002,-0.02,<,Y,35200,3000,
111294,101294,3002,3002,0.02,>,Y,35200,3000,
121294,101294,3002,3002,-0.02,<,Y,35200,3000,
111295,101295,3002,3002,0.02,>,Y,35200,3000,
121295,101295,3002,3002,-0.02,<,Y,35200,3000,
111296,101296,3002,3002,0.02,>,Y,35200,3000,
121296,101296,3002,3002,-0.02,<,Y,35200,3000,
111297,101297,3002,3002,0.02,>,Y,35200,3000,
121297,101297,3002,3002,-0.02,<,Y,35200,3000,
111298,101298,3002,3002,0.02,>,Y,35200,3000,
121298,101298,3002,3002,-0.02,<,Y,35200,3000,
111299,101299,3002,3002,0.02,>,Y,35200,3000,
121299,101299,3002,3002,-0.02,<,Y,35200,3000,
111300,101300,3002,3002,0.02,>,Y,35200,3000,
121300,101300,3002,3002,-0.02,<,Y,35200,3000,
111301,101301,3002,3002,0.02,>,Y,35200,3000,
121301,101301,3002,3002,-0.02,<,Y,35200,3000,
111302,101302,3002,3002,0.02,>,Y,35200,3000,
121302,101302,3002,3002,-0.02,<,Y,35200,3000,
111303,101303,3002,3002,0.02,>,Y,35200,3000,
121303,101303,3002,3002,-0.02,<,Y,35200,3000,
111304,101304,3002,3002,0.02,>,Y,35200,3000,
121304,101304,3002,3002,-0.02,<,Y,35200,3000,
111305,101305,3002,3002,0.02,>,Y,35200,3000,
121305,101305,3002,3002,-0.02,<,Y,35200,3000,
111306,101306,3002,3002,0.02,>,Y,35200,3000,
121306,101306,3002,3002,-0.02,<,Y,35200,3000,
111307,101307,3002,3002,0.02,>,Y,35200,3000,
121307,101307,3002,3002,-0.02,<,Y,35200,3000,
111308,101308,3002,3002,0.02,>,Y,35200,3000,
121308,101308,3002,3002,-0.02,<,Y,35200,3000,
111309,101309,3002,3002,0.02,>,Y,35200,3000,
121309,101309,3002,3002,-0.02,<,Y,35200,3000,
111310,101310,3002,3002,0.02,>,Y,35200,3000,
121310,101310,3002,3002,-0.02,<,Y,35200,3000,
111311,101311,3002,3002,0.02,>,Y,35200,3000,
121311,101311,3002,3002,-0.02,<,Y,35200,3000,
111312,101312,3002,3002,0.02,>,Y,35200,3000,
121312,101312,3002,3002,-0.02,<,Y,35200,3000,
111313,101313,3002,3002,0.02,>,Y,35200,3000,
121313,101313,3002,3002,-0.02,<,Y,35200,3000,
111314,101314,3002,3002,0.02,>,Y,35200,3000,
121314,101314,3002,3002,-0.02,<,Y,35200,3000,
111315,101315,3002,3002,0.02,>,Y,35200,3000,
121315,101315,3002,3002,-0.02,<,Y,35200,3000,
111316,101316,3002,3002,0.02,>,Y,35200,3000,
121316,101316,3002,3002,-0.02,<,Y,35200,3000,
111317,101317,3002,3002,0.02,>,Y,35200,3000,
121317,101317,3002,3002,-0.02,<,Y,35200,3000,
111318,101318,3002,3002,0.02,>,Y,35200,3000,
121318,101318,3002,3002,-0.02,<,Y,35200,3000,
111319,101319,3002,3002,0.02,>,Y,35200,3000,
121319,101319,3002,3002,-0.02,<,Y,35200,3000,
111320,101320,3002,3002,0.02,>,Y,35200,3000,
121320,101320,3002,3002,-0.02,<,Y,35200,3000,
111321,101321,3002,3002,0.02,>,Y,35200,3000,
121321,101321,3002,3002,-0.02,<,Y,35200,3000,
111322,101322,3002,3002,0.02,>,Y,35200,3000,
121322,101322,3002,3002,-0.02,<,Y,35200,3000,
111323,101323,3002,3002,0.02,>,Y,35200,3000,
121323,101323,3002,3002,-0.02,<,Y,35200,3000,
111324,101324,3002,3002,0.02,>,Y,35200,3000,
121324,101324,3002,3002,-0.02,<,Y,35200,3000,
111325,101325,3002,3002,0.02,>,Y,35200,3000,
121325,101325,3002,3002,-0.02,<,Y,35200,3000,
111326,101326,3002,3002,0.02,>,Y,35200,3000,
121326,101326,3002,3002,-0.02,<,Y,35200,3000,
111327,101327,3002,3002,0.02,>,Y,35200,3000,
121327,101327,3002,3002,-0.02,<,Y,35200,3000,
111328,101328,3002,3002,0.02,>,Y,35200,3000,
121328,101328,3002,3002,-0.02,<,Y,35200,3000,
111329,101329,3002,3002,0.02,>,Y,35200,3000,
121329,101329,3002,3002,-0.02,<,Y,35200,3000,
111330,101330,3002,3002,0.02,>,Y,35200,3000,
121330,101330,3002,3002,-0.02,<,Y,35200,3000,
111331,101331,3002,3002,0.02,>,Y,35200,3000,
121331,101331,3002,3002,-0.02,<,Y,35200,3000,
111332,101332,3002,3002,0.02,>,Y,35200,3000,
121332,101332,3002,3002,-0.02,<,Y,35200,3000,
111333,101333,3002,3002,0.02,>,Y,35200,3000,
121333,101333,3002,3002,-0.02,<,Y,35200,3000,
111334,101334,3002,3002,0.02,>,Y,35200,3000,
121334,101334,3002,3002,-0.02,<,Y,35200,3000,
111335,101335,3002,3002,0.02,>,Y,35200,3000,
121335,101335,3002,3002,-0.02,<,Y,35200,3000,
111336,101336,3002,3002,0.02,>,Y,35200,3000,
121336,101336,3002,3002,-0.02,<,Y,35200,3000,
111337,101337,3002,3002,0.02,>,Y,35200,3000,
121337,101337,3002,3002,-0.02,<,Y,35200,3000,
111338,101338,3002,3002,0.02,>,Y,35200,3000,
121338,101338,3002,3002,-0.02,<,Y,35200,3000,
111339,101339,3002,3002,0.02,>,Y,35200,3000,
121339,101339,3002,3002,-0.02,<,Y,35200,3000,
111340,101340,3002,3002,0.02,>,Y,35200,3000,
121340,101340,3002,3002,-0.02,<,Y,35200,3000,
111341,101341,3002,3002,0.02,>,Y,35200,3000,
121341,101341,3002,3002,-0.02,<,Y,35200,3000,
111342,101342,3002,3002,0.02,>,Y,35200,3000,
121342,101342,3002,3002,-0.02,<,Y,35200,3000,
111343,101343,3002,3002,0.02,>,Y,35200,3000,
121343,101343,3002,3002,-0.02,<,Y,35200,3000,
111344,101344,3002,3002,0.02,>,Y,35200,3000,
121344,101344,3002,3002,-0.02,<,Y,35200,3000,
111345,101345,3002,3002,0.02,>,Y,35200,3000,
121345,101345,3002,3002,-0.02,<,Y,35200,3000,
111346,101346,3002,3002,0.02,>,Y,35200,3000,
121346,101346,3002,3002,-0.02,<,Y,35200,3000,
111347,101347,3002,3002,0.02,>,Y,35200,3000,
121347,101347,3002,3002,-0.02,<,Y,35200,3000,
111348,101348,3002,3002,0.02,>,Y,35200,3000,
121348,101348,3002,3002,-0.02,<,Y,35200,3000,
111349,101349,3002,3002,0.02,>,Y,35200,3000,
121349,101349,3002,3002,-0.02,<,Y,35200,3000,
111350,101350,3002,3002,0.02,>,Y,35200,3000,
121350,101350,3002,3002,-0.02,<,Y,35200,3000,
111351,101351,3002,3002,0.02,>,Y,35200,3000,
121351,101351,3002,3002,-0.02,<,Y,35200,3000,
111352,101352,3002,3002,0.02,>,Y,35200,3000,
121352,101352,3002,3002,-0.02,<,Y,35200,3000,
111353,101353,3002,3002,0.02,>,Y,35200,3000,
121353,101353,3002,3002,-0.02,<,Y,35200,3000,
111354,101354,3002,3002,0.02,>,Y,35200,3000,
121354,101354,3002,3002,-0.02,<,Y,35200,3000,
111355,101355,3002,3002,0.02,>,Y,35200,3000,
121355,101355,3002,3002,-0.02,<,Y,35200,3000,
111356,101356,3002,3002,0.02,>,Y,35200,3000,
121356,101356,3002,3002,-0.02,<,Y,35200,3000,
111357,101357,3002,3002,0.02,>,Y,35200,3000,
121357,101357,3002,3002,-0.02,<,Y,35200,3000,
111358,101358,3002,3002,0.02,>,Y,35200,3000,
121358,101358,3002,3002,-0.02,<,Y,35200,3000,
111359,101359,3002,3002,0.02,>,Y,35200,3000,
121359,101359,3002,3002,-0.02,<,Y,35200,3000,
111360,101360,3002,3002,0.02,>,Y,35200,3000,
121360,101360,3002,3002,-0.02,<,Y,35200,3000,
111501,101501,3002,3002,0,!=,Y,35200,3000,
111502,101502,3002,3002,0,!=,Y,35200,3000,
111503,101503,3002,3002,0,!=,Y,35200,3000,
111504,101504,3002,3002,0,!=,Y,35200,3000,
111505,101505,3002,3002,0,!=,Y,35200,3000,
122150,102150,3002,3002,-0.02,<,Y,35200,3000,
112151,102151,3002,3002,0.02,>,Y,35200,3000,
122151,102151,3002,3002,-0.02,<,Y,35200,3000,
112152,102152,3002,3002,0.02,>,Y,35200,3000,
122152,102152,3002,3002,-0.02,<,Y,35200,3000,
112153,102153,3002,3002,0.02,>,Y,35200,3000,
122153,102153,3002,3002,-0.02,<,Y,35200,3000,
112154,102154,3002,3002,0.02,>,Y,35200,3000,
122154,102154,3002,3002,-0.02,<,Y,35200,3000,
112155,102155,3002,3002,0.02,>,Y,35200,3000,
122155,102155,3002,3002,-0.02,<,Y,35200,3000,
112156,102156,3002,3002,0.02,>,Y,35200,3000,
122156,102156,3002,3002,-0.02,<,Y,35200,3000,
112157,102157,3002,3002,0.02,>,Y,35200,3000,
122157,102157,3002,3002,-0.02,<,Y,35200,3000,
112158,102158,3002,3002,0.02,>,Y,35200,3000,
122158,102158,3002,3002,-0.02,<,Y,35200,3000,
112159,102159,3002,3002,0.02,>,Y,35200,3000,
122159,102159,3002,3002,-0.02,<,Y,35200,3000,
112160,102160,3002,3002,0.02,>,Y,35200,3000,
122160,102160,3002,3002,-0.02,<,Y,35200,3000,
112161,102161,3002,3002,0.02,>,Y,35200,3000,
122161,102161,3002,3002,-0.02,<,Y,35200,3000,
112162,102162,3002,3002,0.02,>,Y,35200,3000,
122162,102162,3002,3002,-0.02,<,Y,35200,3000,
112163,102163,3002,3002,0.02,>,Y,35200,3000,
122163,102163,3002,3002,-0.02,<,Y,35200,3000,
112164,102164,3002,3002,0.02,>,Y,35200,3000,
122164,102164,3002,3002,-0.02,<,Y,35200,3000,
112165,102165,3002,3002,0.02,>,Y,35200,3000,
122165,102165,3002,3002,-0.02,<,Y,35200,3000,
112166,102166,3002,3002,0.02,>,Y,35200,3000,
122166,102166,3002,3002,-0.02,<,Y,35200,3000,
112167,102167,3002,3002,0.02,>,Y,35200,3000,
122167,102167,3002,3002,-0.02,<,Y,35200,3000,
112168,102168,3002,3002,0.02,>,Y,35200,3000,
122168,102168,3002,3002,-0.02,<,Y,35200,3000,
112169,102169,3002,3002,0.02,>,Y,35200,3000,
122169,102169,3002,3002,-0.02,<,Y,35200,3000,
112170,102170,3002,3002,0.02,>,Y,35200,3000,
122170,102170,3002,3002,-0.02,<,Y,35200,3000,
112171,102171,3002,3002,0.02,>,Y,35200,3000,
122171,102171,3002,3002,-0.02,<,Y,35200,3000,
112172,102172,3002,3002,0.02,>,Y,35200,3000,
122172,102172,3002,3002,-0.02,<,Y,35200,3000,
112173,102173,3002,3002,0.02,>,Y,35200,3000,
122173,102173,3002,3002,-0.02,<,Y,35200,3000,
112174,102174,3002,3002,0.02,>,Y,35200,3000,
122174,102174,3002,3002,-0.02,<,Y,35200,3000,
112175,102175,3002,3002,0.02,>,Y,35200,3000,
122175,102175,3002,3002,-0.02,<,Y,35200,3000,
112201,102201,3002,3002,0.02,>,Y,35200,3000,
122201,102201,3002,3002,-0.02,<,Y,35200,3000,
112202,102202,3002,3002,0.02,>,Y,35200,3000,
122202,102202,3002,3002,-0.02,<,Y,35200,3000,
112203,102203,3002,3002,0.02,>,Y,35200,3000,
122203,102203,3002,3002,-0.02,<,Y,35200,3000,
112204,102204,3002,3002,0.02,>,Y,35200,3000,
122204,102204,3002,3002,-0.02,<,Y,35200,3000,
112205,102205,3002,3002,0.02,>,Y,35200,3000,
122205,102205,3002,3002,-0.02,<,Y,35200,3000,
112206,102206,3002,3002,0.02,>,Y,35200,3000,
122206,102206,3002,3002,-0.02,<,Y,35200,3000,
112207,102207,3002,3002,0.02,>,Y,35200,3000,
122207,102207,3002,3002,-0.02,<,Y,35200,3000,
112208,102208,3002,3002,0.02,>,Y,35200,3000,
122208,102208,3002,3002,-0.02,<,Y,35200,3000,
112209,102209,3002,3002,0.02,>,Y,35200,3000,
122209,102209,3002,3002,-0.02,<,Y,35200,3000,
112210,102210,3002,3002,0.02,>,Y,35200,3000,
122210,102210,3002,3002,-0.02,<,Y,35200,3000,
112211,102211,3002,3002,0.02,>,Y,35200,3000,
122211,102211,3002,3002,-0.02,<,Y,35200,3000,
112212,102212,3002,3002,0.02,>,Y,35200,3000,
122212,102212,3002,3002,-0.02,<,Y,35200,3000,
112213,102213,3002,3002,0.02,>,Y,35200,3000,
122213,102213,3002,3002,-0.02,<,Y,35200,3000,
112214,102214,3002,3002,0.02,>,Y,35200,3000,
122214,102214,3002,3002,-0.02,<,Y,35200,3000,
112215,102215,3002,3002,0.02,>,Y,35200,3000,
122215,102215,3002,3002,-0.02,<,Y,35200,3000,
112216,102216,3002,3002,0.02,>,Y,35200,3000,
122216,102216,3002,3002,-0.02,<,Y,35200,3000,
112217,102217,3002,3002,0.02,>,Y,35200,3000,
122217,102217,3002,3002,-0.02,<,Y,35200,3000,
112218,102218,3002,3002,0.02,>,Y,35200,3000,
122218,102218,3002,3002,-0.02,<,Y,35200,3000,
112219,102219,3002,3002,0.02,>,Y,35200,3000,
122219,102219,3002,3002,-0.02,<,Y,35200,3000,
112220,102220,3002,3002,0.02,>,Y,35200,3000,
122220,102220,3002,3002,-0.02,<,Y,35200,3000,
112221,102221,3002,3002,0.02,>,Y,35200,3000,
122221,102221,3002,3002,-0.02,<,Y,35200,3000,
112222,102222,3002,3002,0.02,>,Y,35200,3000,
122222,102222,3002,3002,-0.02,<,Y,35200,3000,
112223,102223,3002,3002,0.02,>,Y,35200,3000,
122223,102223,3002,3002,-0.02,<,Y,35200,3000,
112224,102224,3002,3002,0.02,>,Y,35200,3000,
122224,102224,3002,3002,-0.02,<,Y,35200,3000,
112225,102225,3002,3002,0.02,>,Y,35200,3000,
122225,102225,3002,3002,-0.02,<,Y,35200,3000,
112226,102226,3002,3002,0.02,>,Y,35200,3000,
122226,102226,3002,3002,-0.02,<,Y,35200,3000,
112227,102227,3002,3002,0.02,>,Y,35200,3000,
122227,102227,3002,3002,-0.02,<,Y,35200,3000,
112228,102228,3002,3002,0.02,>,Y,35200,3000,
122228,102228,3002,3002,-0.02,<,Y,35200,3000,
112229,102229,3002,3002,0.02,>,Y,35200,3000,
122229,102229,3002,3002,-0.02,<,Y,35200,3000,
112230,102230,3002,3002,0.02,>,Y,35200,3000,
122230,102230,3002,3002,-0.02,<,Y,35200,3000,
112231,102231,3002,3002,0.02,>,Y,35200,3000,
122231,102231,3002,3002,-0.02,<,Y,35200,3000,
112232,102232,3002,3002,0.02,>,Y,35200,3000,
122232,102232,3002,3002,-0.02,<,Y,35200,3000,
112233,102233,3002,3002,0.02,>,Y,35200,3000,
122233,102233,3002,3002,-0.02,<,Y,35200,3000,
112234,102234,3002,3002,0.02,>,Y,35200,3000,
122234,102234,3002,3002,-0.02,<,Y,35200,3000,
112235,102235,3002,3002,0.02,>,Y,35200,3000,
122235,102235,3002,3002,-0.02,<,Y,35200,3000,
112236,102236,3002,3002,0.02,>,Y,35200,3000,
122236,102236,3002,3002,-0.02,<,Y,35200,3000,
112237,102237,3002,3002,0.02,>,Y,35200,3000,
122237,102237,3002,3002,-0.02,<,Y,35200,3000,
112238,102238,3002,3002,0.02,>,Y,35200,3000,
122238,102238,3002,3002,-0.02,<,Y,35200,3000,
112239,102239,3002,3002,0.02,>,Y,35200,3000,
122239,102239,3002,3002,-0.02,<,Y,35200,3000,
112240,102240,3002,3002,0.02,>,Y,35200,3000,
122240,102240,3002,3002,-0.02,<,Y,35200,3000,
112241,102241,3002,3002,0.02,>,Y,35200,3000,
122241,102241,3002,3002,-0.02,<,Y,35200,3000,
112242,102242,3002,3002,0.02,>,Y,35200,3000,
122242,102242,3002,3002,-0.02,<,Y,35200,3000,
112243,102243,3002,3002,0.02,>,Y,35200,3000,
122243,102243,3002,3002,-0.02,<,Y,35200,3000,
112244,102244,3002,3002,0.02,>,Y,35200,3000,
122244,102244,3002,3002,-0.02,<,Y,35200,3000,
112401,102401,3002,3002,0.02,>,Y,35200,3000,
122401,102401,3002,3002,-0.02,<,Y,35200,3000,
112402,102402,3002,3002,0.02,>,Y,35200,3000,
122402,102402,3002,3002,-0.02,<,Y,35200,3000,
112403,102403,3002,3002,0.02,>,Y,35200,3000,
122403,102403,3002,3002,-0.02,<,Y,35200,3000,
112404,102404,3002,3002,0.02,>,Y,35200,3000,
122404,102404,3002,3002,-0.02,<,Y,35200,3000,
112405,102405,3002,3002,0.02,>,Y,35200,3000,
122405,102405,3002,3002,-0.02,<,Y,35200,3000,
112406,102406,3002,3002,0.02,>,Y,35200,3000,
122406,102406,3002,3002,-0.02,<,Y,35200,3000,
112407,102407,3002,3002,0.02,>,Y,35200,3000,
122407,102407,3002,3002,-0.02,<,Y,35200,3000,
112408,102408,3002,3002,0.02,>,Y,35200,3000,
122408,102408,3002,3002,-0.02,<,Y,35200,3000,
112409,102409,3002,3002,0.02,>,Y,35200,3000,
122409,102409,3002,3002,-0.02,<,Y,35200,3000,
112410,102410,3002,3002,0.02,>,Y,35200,3000,
122410,102410,3002,3002,-0.02,<,Y,35200,3000,
112411,102411,3002,3002,0.02,>,Y,35200,3000,
122411,102411,3002,3002,-0.02,<,Y,35200,3000,
112412,102412,3002,3002,0.02,>,Y,35200,3000,
122412,102412,3002,3002,-0.02,<,Y,35200,3000,
112413,102413,3002,3002,0.02,>,Y,35200,3000,
122413,102413,3002,3002,-0.02,<,Y,35200,3000,
112414,102414,3002,3002,0.02,>,Y,35200,3000,
122414,102414,3002,3002,-0.02,<,Y,35200,3000,
112415,102415,3002,3002,0.02,>,Y,35200,3000,
122415,102415,3002,3002,-0.02,<,Y,35200,3000,
112416,102416,3002,3002,0.02,>,Y,35200,3000,
122416,102416,3002,3002,-0.02,<,Y,35200,3000,
112417,102417,3002,3002,0.02,>,Y,35200,3000,
122417,102417,3002,3002,-0.02,<,Y,35200,3000,
112418,102418,3002,3002,0.02,>,Y,35200,3000,
122418,102418,3002,3002,-0.02,<,Y,35200,3000,
112419,102419,3002,3002,0.02,>,Y,35200,3000,
122419,102419,3002,3002,-0.02,<,Y,35200,3000,
112420,102420,3002,3002,0.02,>,Y,35200,3000,
122420,102420,3002,3002,-0.02,<,Y,35200,3000,
112421,102421,3002,3002,0.02,>,Y,35200,3000,
122421,102421,3002,3002,-0.02,<,Y,35200,3000,
112422,102422,3002,3002,0.02,>,Y,35200,3000,
122422,102422,3002,3002,-0.02,<,Y,35200,3000,
112423,102423,3002,3002,0.02,>,Y,35200,3000,
122423,102423,3002,3002,-0.02,<,Y,35200,3000,
112424,102424,3002,3002,0.02,>,Y,35200,3000,
122424,102424,3002,3002,-0.02,<,Y,35200,3000,
112425,102425,3002,3002,0.02,>,Y,35200,3000,
122425,102425,3002,3002,-0.02,<,Y,35200,3000,
112426,102426,3002,3002,0.02,>,Y,35200,3000,
122426,102426,3002,3002,-0.02,<,Y,35200,3000,
112427,102427,3002,3002,0.02,>,Y,35200,3000,
122427,102427,3002,3002,-0.02,<,Y,35200,3000,
112428,102428,3002,3002,0.02,>,Y,35200,3000,
122428,102428,3002,3002,-0.02,<,Y,35200,3000,
112429,102429,3002,3002,0.02,>,Y,35200,3000,
122429,102429,3002,3002,-0.02,<,Y,35200,3000,
112430,102430,3002,3002,0.02,>,Y,35200,3000,
122430,102430,3002,3002,-0.02,<,Y,35200,3000,
112431,102431,3002,3002,0.02,>,Y,35200,3000,
122431,102431,3002,3002,-0.02,<,Y,35200,3000,
112432,102432,3002,3002,0.02,>,Y,35200,3000,
122432,102432,3002,3002,-0.02,<,Y,35200,3000,
112433,102433,3002,3002,0.02,>,Y,35200,3000,
122433,102433,3002,3002,-0.02,<,Y,35200,3000,
112434,102434,3002,3002,0.02,>,Y,35200,3000,
122434,102434,3002,3002,-0.02,<,Y,35200,3000,
112435,102435,3002,3002,0.02,>,Y,35200,3000,
122435,102435,3002,3002,-0.02,<,Y,35200,3000,
112436,102436,3002,3002,0.02,>,Y,35200,3000,
122436,102436,3002,3002,-0.02,<,Y,35200,3000,
112437,102437,3002,3002,0.02,>,Y,35200,3000,
122437,102437,3002,3002,-0.02,<,Y,35200,3000,
112438,102438,3002,3002,0.02,>,Y,35200,3000,
122438,102438,3002,3002,-0.02,<,Y,35200,3000,
112439,102439,3002,3002,0.02,>,Y,35200,3000,
122439,102439,3002,3002,-0.02,<,Y,35200,3000,
112440,102440,3002,3002,0.02,>,Y,35200,3000,
122440,102440,3002,3002,-0.02,<,Y,35200,3000,
112441,102441,3002,3002,10000,>,Y,35200,3000,
112442,102442,3002,3002,10000,>,Y,35200,3000,
112443,102443,3002,3002,0.02,>,Y,35200,3000,
122443,102443,3002,3002,-0.02,<,Y,35200,3000,
112444,102444,3002,3002,0.02,>,Y,35200,3000,
122444,102444,3002,3002,-0.02,<,Y,35200,3000,
112445,102445,3002,3002,0.02,>,Y,35200,3000,
112446,102446,3002,3002,10000,>,Y,35200,3000,
112447,102447,3002,3002,10000,>,Y,35200,3000,
112448,102448,3002,3002,0.02,>,Y,35200,3000,
122448,102448,3002,3002,-0.02,<,Y,35200,3000,
112449,102449,3002,3002,0.02,>,Y,35200,3000,
122449,102449,3002,3002,-0.02,<,Y,35200,3000,
112450,102450,3002,3002,0.02,>,Y,35200,3000,
122450,102450,3002,3002,-0.02,<,Y,35200,3000,
112451,102451,3002,3002,0.02,>,Y,35200,3000,
122451,102451,3002,3002,-0.02,<,Y,35200,3000,
112452,102452,3002,3002,0.02,>,Y,35200,3000,
122452,102452,3002,3002,-0.02,<,Y,35200,3000,
112453,102453,3002,3002,0.02,>,Y,35200,3000,
122453,102453,3002,3002,-0.02,<,Y,35200,3000,
112454,102454,3002,3002,0.02,>,Y,35200,3000,
122454,102454,3002,3002,-0.02,<,Y,35200,3000,
112455,102455,3002,3002,0.02,>,Y,35200,3000,
122455,102455,3002,3002,-0.02,<,Y,35200,3000,
112456,102456,3002,3002,0.02,>,Y,35200,3000,
122456,102456,3002,3002,-0.02,<,Y,35200,3000,
112457,102457,3002,3002,0.02,>,Y,35200,3000,
122457,102457,3002,3002,-0.02,<,Y,35200,3000,
112458,102458,3002,3002,0.02,>,Y,35200,3000,
122458,102458,3002,3002,-0.02,<,Y,35200,3000,
112459,102459,3002,3002,0.02,>,Y,35200,3000,
122459,102459,3002,3002,-0.02,<,Y,35200,3000,
112460,102460,3002,3002,0.02,>,Y,35200,3000,
122460,102460,3002,3002,-0.02,<,Y,35200,3000,
112461,102461,3002,3002,0.02,>,Y,35200,3000,
122461,102461,3002,3002,-0.02,<,Y,35200,3000,
112462,102462,3002,3002,0.02,>,Y,35200,3000,
122462,102462,3002,3002,-0.02,<,Y,35200,3000,
112463,102463,3002,3002,0.02,>,Y,35200,3000,
122463,102463,3002,3002,-0.02,<,Y,35200,3000,
112464,102464,3002,3002,0.02,>,Y,35200,3000,
122464,102464,3002,3002,-0.02,<,Y,35200,3000,
112465,102465,3002,3002,0.02,>,Y,35200,3000,
122465,102465,3002,3002,-0.02,<,Y,35200,3000,
112466,102466,3002,3002,0.02,>,Y,35200,3000,
122466,102466,3002,3002,-0.02,<,Y,35200,3000,
112467,102467,3002,3002,0.02,>,Y,35200,3000,
122467,102467,3002,3002,-0.02,<,Y,35200,3000,
112468,102468,3002,3002,0.02,>,Y,35200,3000,
122468,102468,3002,3002,-0.02,<,Y,35200,3000,
112469,102469,3002,3002,0.02,>,Y,35200,3000,
122469,102469,3002,3002,-0.02,<,Y,35200,3000,
112470,102470,3002,3002,0.02,>,Y,35200,3000,
122470,102470,3002,3002,-0.02,<,Y,35200,3000,
112471,102471,3002,3002,0.02,>,Y,35200,3000,
122471,102471,3002,3002,-0.02,<,Y,35200,3000,
112472,102472,3002,3002,0.02,>,Y,35200,3000,
122472,102472,3002,3002,-0.02,<,Y,35200,3000,
112473,102473,3002,3002,0.02,>,Y,35200,3000,
122473,102473,3002,3002,-0.02,<,Y,35200,3000,
112474,102474,3002,3002,0.02,>,Y,35200,3000,
122474,102474,3002,3002,-0.02,<,Y,35200,3000,
112475,102475,3002,3002,0.02,>,Y,35200,3000,
122475,102475,3002,3002,-0.02,<,Y,35200,3000,
112476,102476,3002,3002,0.02,>,Y,35200,3000,
122476,102476,3002,3002,-0.02,<,Y,35200,3000,
112477,102477,3002,3002,0.02,>,Y,35200,3000,
122477,102477,3002,3002,-0.02,<,Y,35200,3000,
112478,102478,3002,3002,0.02,>,Y,35200,3000,
122478,102478,3002,3002,-0.02,<,Y,35200,3000,
112479,102479,3002,3002,0.02,>,Y,35200,3000,
122479,102479,3002,3002,-0.02,<,Y,35200,3000,
112480,102480,3002,3002,0.02,>,Y,35200,3000,
122480,102480,3002,3002,-0.02,<,Y,35200,3000,
112481,102481,3002,3002,0.02,>,Y,35200,3000,
122481,102481,3002,3002,-0.02,<,Y,35200,3000,
112482,102482,3002,3002,0.02,>,Y,35200,3000,
122482,102482,3002,3002,-0.02,<,Y,35200,3000,
112483,102483,3002,3002,0.02,>,Y,35200,3000,
122483,102483,3002,3002,-0.02,<,Y,35200,3000,
112484,102484,3002,3002,0.02,>,Y,35200,3000,
122484,102484,3002,3002,-0.02,<,Y,35200,3000,
112485,102485,3002,3002,0.02,>,Y,35200,3000,
122485,102485,3002,3002,-0.02,<,Y,35200,3000,
112486,102486,3002,3002,0.02,>,Y,35200,3000,
122486,102486,3002,3002,-0.02,<,Y,35200,3000,
112487,102487,3002,3002,0.02,>,Y,35200,3000,
122487,102487,3002,3002,-0.02,<,Y,35200,3000,
112488,102488,3002,3002,0.02,>,Y,35200,3000,
122488,102488,3002,3002,-0.02,<,Y,35200,3000,
112489,102489,3002,3002,0.02,>,Y,35200,3000,
122489,102489,3002,3002,-0.02,<,Y,35200,3000,
112501,102501,3002,3002,0.02,>,Y,35200,3000,
122501,102501,3002,3002,-0.02,<,Y,35200,3000,
112502,102502,3002,3002,0.02,>,Y,35200,3000,
122502,102502,3002,3002,-0.02,<,Y,35200,3000,
112503,102503,3002,3002,0.02,>,Y,35200,3000,
122503,102503,3002,3002,-0.02,<,Y,35200,3000,
112504,102504,3002,3002,0.02,>,Y,35200,3000,
122504,102504,3002,3002,-0.02,<,Y,35200,3000,
112505,102505,3002,3002,0.02,>,Y,35200,3000,
122505,102505,3002,3002,-0.02,<,Y,35200,3000,
112506,102506,3002,3002,0.02,>,Y,35200,3000,
122506,102506,3002,3002,-0.02,<,Y,35200,3000,
112507,102507,3002,3002,0.02,>,Y,35200,3000,
122507,102507,3002,3002,-0.02,<,Y,35200,3000,
112508,102508,3002,3002,0.02,>,Y,35200,3000,
122508,102508,3002,3002,-0.02,<,Y,35200,3000,
112509,102509,3002,3002,0.02,>,Y,35200,3000,
122509,102509,3002,3002,-0.02,<,Y,35200,3000,
112510,102510,3002,3002,0.02,>,Y,35200,3000,
122510,102510,3002,3002,-0.02,<,Y,35200,3000,
112511,102511,3002,3002,0.02,>,Y,35200,3000,
122511,102511,3002,3002,-0.02,<,Y,35200,3000,
112512,102512,3002,3002,0.02,>,Y,35200,3000,
122512,102512,3002,3002,-0.02,<,Y,35200,3000,
112513,102513,3002,3002,0.02,>,Y,35200,3000,
122513,102513,3002,3002,-0.02,<,Y,35200,3000,
112514,102514,3002,3002,0.02,>,Y,35200,3000,
122514,102514,3002,3002,-0.02,<,Y,35200,3000,
112515,102515,3002,3002,0.02,>,Y,35200,3000,
122515,102515,3002,3002,-0.02,<,Y,35200,3000,
112516,102516,3002,3002,0.02,>,Y,35200,3000,
122516,102516,3002,3002,-0.02,<,Y,35200,3000,
112517,102517,3002,3002,0.02,>,Y,35200,3000,
122517,102517,3002,3002,-0.02,<,Y,35200,3000,
112518,102518,3002,3002,0.02,>,Y,35200,3000,
122518,102518,3002,3002,-0.02,<,Y,35200,3000,
112519,102519,3002,3002,0.02,>,Y,35200,3000,
122519,102519,3002,3002,-0.02,<,Y,35200,3000,
112520,102520,3002,3002,0.02,>,Y,35200,3000,
122520,102520,3002,3002,-0.02,<,Y,35200,3000,
112521,102521,3002,3002,0.02,>,Y,35200,3000,
122521,102521,3002,3002,-0.02,<,Y,35200,3000,
112522,102522,3002,3002,0.02,>,Y,35200,3000,
122522,102522,3002,3002,-0.02,<,Y,35200,3000,
122550,102550,3002,3002,-0.02,<,Y,35200,3000,
112550,102550,3002,3002,0.02,>,Y,35200,3000,
122551,102551,3002,3002,-0.02,<,Y,35200,3000,
112551,102551,3002,3002,0.02,>,Y,35200,3000,
112601,102601,3002,3002,0.02,>,Y,35200,3000,
122601,102601,3002,3002,-0.02,<,Y,35200,3000,
112602,102602,3002,3002,0.02,>,Y,35200,3000,
122602,102602,3002,3002,-0.02,<,Y,35200,3000,
112603,102603,3002,3002,0.02,>,Y,35200,3000,
122603,102603,3002,3002,-0.02,<,Y,35200,3000,
112604,102604,3002,3002,0.02,>,Y,35200,3000,
122604,102604,3002,3002,-0.02,<,Y,35200,3000,
112605,102605,3002,3002,0.02,>,Y,35200,3000,
122605,102605,3002,3002,-0.02,<,Y,35200,3000,
112606,102606,3002,3002,0.02,>,Y,35200,3000,
122606,102606,3002,3002,-0.02,<,Y,35200,3000,
112607,102607,3002,3002,0.02,>,Y,35200,3000,
122607,102607,3002,3002,-0.02,<,Y,35200,3000,
112608,102608,3002,3002,0.02,>,Y,35200,3000,
122608,102608,3002,3002,-0.02,<,Y,35200,3000,
112609,102609,3002,3002,0.02,>,Y,35200,3000,
122609,102609,3002,3002,-0.02,<,Y,35200,3000,
112610,102610,3002,3002,0.02,>,Y,35200,3000,
122610,102610,3002,3002,-0.02,<,Y,35200,3000,
112611,102611,3002,3002,0.02,>,Y,35200,3000,
122611,102611,3002,3002,-0.02,<,Y,35200,3000,
112612,102612,3002,3002,0.02,>,Y,35200,3000,
122612,102612,3002,3002,-0.02,<,Y,35200,3000,
112613,102613,3002,3002,0.02,>,Y,35200,3000,
122613,102613,3002,3002,-0.02,<,Y,35200,3000,
112614,102614,3002,3002,0.02,>,Y,35200,3000,
122614,102614,3002,3002,-0.02,<,Y,35200,3000,
112615,102615,3002,3002,0.02,>,Y,35200,3000,
122615,102615,3002,3002,-0.02,<,Y,35200,3000,
112616,102616,3002,3002,0.02,>,Y,35200,3000,
122616,102616,3002,3002,-0.02,<,Y,35200,3000,
112617,102617,3002,3002,0.02,>,Y,35200,3000,
122617,102617,3002,3002,-0.02,<,Y,35200,3000,
112618,102618,3002,3002,0.02,>,Y,35200,3000,
122618,102618,3002,3002,-0.02,<,Y,35200,3000,
112619,102619,3002,3002,0.02,>,Y,35200,3000,
122619,102619,3002,3002,-0.02,<,Y,35200,3000,
112620,102620,3002,3002,0.02,>,Y,35200,3000,
122620,102620,3002,3002,-0.02,<,Y,35200,3000,
112621,102621,3002,3002,0.02,>,Y,35200,3000,
122621,102621,3002,3002,-0.02,<,Y,35200,3000,
112622,102622,3002,3002,0.02,>,Y,35200,3000,
122622,102622,3002,3002,-0.02,<,Y,35200,3000,
112623,102623,3002,3002,0.02,>,Y,35200,3000,
122623,102623,3002,3002,-0.02,<,Y,35200,3000,
112624,102624,3002,3002,0.02,>,Y,35200,3000,
122624,102624,3002,3002,-0.02,<,Y,35200,3000,
112625,102625,3002,3002,0.02,>,Y,35200,3000,
122625,102625,3002,3002,-0.02,<,Y,35200,3000,
112626,102626,3002,3002,0.02,>,Y,35200,3000,
122626,102626,3002,3002,-0.02,<,Y,35200,3000,
112627,102627,3002,3002,0.02,>,Y,35200,3000,
122627,102627,3002,3002,-0.02,<,Y,35200,3000,
112628,102628,3002,3002,0.02,>,Y,35200,3000,
122628,102628,3002,3002,-0.02,<,Y,35200,3000,
112629,102629,3002,3002,0.02,>,Y,35200,3000,
122629,102629,3002,3002,-0.02,<,Y,35200,3000,
112630,102630,3002,3002,0.02,>,Y,35200,3000,
122630,102630,3002,3002,-0.02,<,Y,35200,3000,
112631,102631,3002,3002,0.02,>,Y,35200,3000,
122631,102631,3002,3002,-0.02,<,Y,35200,3000,
112632,102632,3002,3002,0.02,>,Y,35200,3000,
122632,102632,3002,3002,-0.02,<,Y,35200,3000,
112633,102633,3002,3002,0.02,>,Y,35200,3000,
122633,102633,3002,3002,-0.02,<,Y,35200,3000,
112634,102634,3002,3002,0.02,>,Y,35200,3000,
122634,102634,3002,3002,-0.02,<,Y,35200,3000,
112635,102635,3002,3002,0.02,>,Y,35200,3000,
122635,102635,3002,3002,-0.02,<,Y,35200,3000,
112636,102636,3002,3002,0.02,>,Y,35200,3000,
122636,102636,3002,3002,-0.02,<,Y,35200,3000,
112637,102637,3002,3002,0.02,>,Y,35200,3000,
122637,102637,3002,3002,-0.02,<,Y,35200,3000,
112638,102638,3002,3002,0.02,>,Y,35200,3000,
122638,102638,3002,3002,-0.02,<,Y,35200,3000,
112639,102639,3002,3002,0.02,>,Y,35200,3000,
122639,102639,3002,3002,-0.02,<,Y,35200,3000,
112640,102640,3002,3002,0.02,>,Y,35200,3000,
122640,102640,3002,3002,-0.02,<,Y,35200,3000,
112641,102641,3002,3002,0.02,>,Y,35200,3000,
122641,102641,3002,3002,-0.02,<,Y,35200,3000,
112642,102642,3002,3002,0.02,>,Y,35200,3000,
122642,102642,3002,3002,-0.02,<,Y,35200,3000,
112643,102643,3002,3002,0.02,>,Y,35200,3000,
122643,102643,3002,3002,-0.02,<,Y,35200,3000,
112644,102644,3002,3002,0.02,>,Y,35200,3000,
122644,102644,3002,3002,-0.02,<,Y,35200,3000,
112645,102645,3002,3002,0.02,>,Y,35200,3000,
122645,102645,3002,3002,-0.02,<,Y,35200,3000,
112646,102646,3002,3002,0.02,>,Y,35200,3000,
122646,102646,3002,3002,-0.02,<,Y,35200,3000,
112647,102647,3002,3002,0.02,>,Y,35200,3000,
122647,102647,3002,3002,-0.02,<,Y,35200,3000,
112648,102648,3002,3002,0.02,>,Y,35200,3000,
122648,102648,3002,3002,-0.02,<,Y,35200,3000,
112649,102649,3002,3002,0.02,>,Y,35200,3000,
122649,102649,3002,3002,-0.02,<,Y,35200,3000,
112650,102650,3002,3002,0.02,>,Y,35200,3000,
122650,102650,3002,3002,-0.02,<,Y,35200,3000,
112651,102651,3002,3002,0.02,>,Y,35200,3000,
122651,102651,3002,3002,-0.02,<,Y,35200,3000,
112652,102652,3002,3002,0.02,>,Y,35200,3000,
122652,102652,3002,3002,-0.02,<,Y,35200,3000,
112653,102653,3002,3002,0.02,>,Y,35200,3000,
122653,102653,3002,3002,-0.02,<,Y,35200,3000,
112654,102654,3002,3002,0.02,>,Y,35200,3000,
122654,102654,3002,3002,-0.02,<,Y,35200,3000,
112655,102655,3002,3002,0.02,>,Y,35200,3000,
122655,102655,3002,3002,-0.02,<,Y,35200,3000,
112656,102656,3002,3002,0.02,>,Y,35200,3000,
122656,102656,3002,3002,-0.02,<,Y,35200,3000,
112657,102657,3002,3002,0.02,>,Y,35200,3000,
122657,102657,3002,3002,-0.02,<,Y,35200,3000,
112658,102658,3002,3002,0.02,>,Y,35200,3000,
122658,102658,3002,3002,-0.02,<,Y,35200,3000,
112659,102659,3002,3002,0.02,>,Y,35200,3000,
122659,102659,3002,3002,-0.02,<,Y,35200,3000,
112660,102660,3002,3002,0.02,>,Y,35200,3000,
122660,102660,3002,3002,-0.02,<,Y,35200,3000,
112661,102661,3002,3002,0.02,>,Y,35200,3000,
122661,102661,3002,3002,-0.02,<,Y,35200,3000,
112662,102662,3002,3002,0.02,>,Y,35200,3000,
122662,102662,3002,3002,-0.02,<,Y,35200,3000,
112663,102663,3002,3002,0.02,>,Y,35200,3000,
122663,102663,3002,3002,-0.02,<,Y,35200,3000,
112664,102664,3002,3002,0.02,>,Y,35200,3000,
122664,102664,3002,3002,-0.02,<,Y,35200,3000,
112665,102665,3002,3002,0.02,>,Y,35200,3000,
122665,102665,3002,3002,-0.02,<,Y,35200,3000,
112666,102666,3002,3002,0.02,>,Y,35200,3000,
122666,102666,3002,3002,-0.02,<,Y,35200,3000,
112667,102667,3002,3002,0.02,>,Y,35200,3000,
122667,102667,3002,3002,-0.02,<,Y,35200,3000,
112668,102668,3002,3002,0.02,>,Y,35200,3000,
122668,102668,3002,3002,-0.02,<,Y,35200,3000,
112669,102669,3002,3002,0.02,>,Y,35200,3000,
122669,102669,3002,3002,-0.02,<,Y,35200,3000,
112670,102670,3002,3002,0.02,>,Y,35200,3000,
122670,102670,3002,3002,-0.02,<,Y,35200,3000,
112671,102671,3002,3002,0.02,>,Y,35200,3000,
122671,102671,3002,3002,-0.02,<,Y,35200,3000,
112672,102672,3002,3002,0.02,>,Y,35200,3000,
122672,102672,3002,3002,-0.02,<,Y,35200,3000,
112673,102673,3002,3002,0.02,>,Y,35200,3000,
122673,102673,3002,3002,-0.02,<,Y,35200,3000,
112674,102674,3002,3002,0.02,>,Y,35200,3000,
122674,102674,3002,3002,-0.02,<,Y,35200,3000,
112675,102675,3002,3002,0.02,>,Y,35200,3000,
122675,102675,3002,3002,-0.02,<,Y,35200,3000,
112676,102676,3002,3002,0.02,>,Y,35200,3000,
122676,102676,3002,3002,-0.02,<,Y,35200,3000,
112677,102677,3002,3002,0.02,>,Y,35200,3000,
122677,102677,3002,3002,-0.02,<,Y,35200,3000,
112678,102678,3002,3002,0.02,>,Y,35200,3000,
122678,102678,3002,3002,-0.02,<,Y,35200,3000,
112679,102679,3002,3002,0.02,>,Y,35200,3000,
122679,102679,3002,3002,-0.02,<,Y,35200,3000,
112680,102680,3002,3002,0.02,>,Y,35200,3000,
122680,102680,3002,3002,-0.02,<,Y,35200,3000,
112681,102681,3002,3002,0.02,>,Y,35200,3000,
122681,102681,3002,3002,-0.02,<,Y,35200,3000,
112682,102682,3002,3002,0.02,>,Y,35200,3000,
122682,102682,3002,3002,-0.02,<,Y,35200,3000,
112683,102683,3002,3002,0.02,>,Y,35200,3000,
122683,102683,3002,3002,-0.02,<,Y,35200,3000,
112684,102684,3002,3002,0.02,>,Y,35200,3000,
122684,102684,3002,3002,-0.02,<,Y,35200,3000,
112685,102685,3002,3002,0.02,>,Y,35200,3000,
122685,102685,3002,3002,-0.02,<,Y,35200,3000,
112686,102686,3002,3002,0.02,>,Y,35200,3000,
122686,102686,3002,3002,-0.02,<,Y,35200,3000,
112687,102687,3002,3002,0.02,>,Y,35200,3000,
122687,102687,3002,3002,-0.02,<,Y,35200,3000,
112688,102688,3002,3002,0.02,>,Y,35200,3000,
122688,102688,3002,3002,-0.02,<,Y,35200,3000,
112689,102689,3002,3002,0.02,>,Y,35200,3000,
122689,102689,3002,3002,-0.02,<,Y,35200,3000,
112690,102690,3002,3002,0.02,>,Y,35200,3000,
122690,102690,3002,3002,-0.02,<,Y,35200,3000,
112691,102691,3002,3002,0.02,>,Y,35200,3000,
122691,102691,3002,3002,-0.02,<,Y,35200,3000,
112692,102692,3002,3002,0.02,>,Y,35200,3000,
122692,102692,3002,3002,-0.02,<,Y,35200,3000,
112693,102693,3002,3002,0.02,>,Y,35200,3000,
122693,102693,3002,3002,-0.02,<,Y,35200,3000,
112694,102694,3002,3002,0.02,>,Y,35200,3000,
122694,102694,3002,3002,-0.02,<,Y,35200,3000,
112695,102695,3002,3002,0.02,>,Y,35200,3000,
122695,102695,3002,3002,-0.02,<,Y,35200,3000,
112696,102696,3002,3002,0.02,>,Y,35200,3000,
122696,102696,3002,3002,-0.02,<,Y,35200,3000,
112697,102697,3002,3002,0.02,>,Y,35200,3000,
122697,102697,3002,3002,-0.02,<,Y,35200,3000,
112698,102698,3002,3002,0.02,>,Y,35200,3000,
122698,102698,3002,3002,-0.02,<,Y,35200,3000,
112699,102699,3002,3002,0.02,>,Y,35200,3000,
122699,102699,3002,3002,-0.02,<,Y,35200,3000,
112700,102700,3002,3002,0.02,>,Y,35200,3000,
122700,102700,3002,3002,-0.02,<,Y,35200,3000,
112701,102701,3002,3002,0.02,>,Y,35200,3000,
122701,102701,3002,3002,-0.02,<,Y,35200,3000,
112702,102702,3002,3002,0.02,>,Y,35200,3000,
122702,102702,3002,3002,-0.02,<,Y,35200,3000,
112703,102703,3002,3002,0.02,>,Y,35200,3000,
122703,102703,3002,3002,-0.02,<,Y,35200,3000,
112704,102704,3002,3002,0.02,>,Y,35200,3000,
122704,102704,3002,3002,-0.02,<,Y,35200,3000,
112705,102705,3002,3002,0.02,>,Y,35200,3000,
122705,102705,3002,3002,-0.02,<,Y,35200,3000,
112706,102706,3002,3002,0.02,>,Y,35200,3000,
122706,102706,3002,3002,-0.02,<,Y,35200,3000,
112707,102707,3002,3002,0.02,>,Y,35200,3000,
122707,102707,3002,3002,-0.02,<,Y,35200,3000,
112708,102708,3002,3002,0.02,>,Y,35200,3000,
122708,102708,3002,3002,-0.02,<,Y,35200,3000,
112709,102709,3002,3002,0.02,>,Y,35200,3000,
122709,102709,3002,3002,-0.02,<,Y,35200,3000,
112710,102710,3002,3002,0.02,>,Y,35200,3000,
122710,102710,3002,3002,-0.02,<,Y,35200,3000,
112711,102711,3002,3002,0.02,>,Y,35200,3000,
122711,102711,3002,3002,-0.02,<,Y,35200,3000,
112712,102712,3002,3002,0.02,>,Y,35200,3000,
122712,102712,3002,3002,-0.02,<,Y,35200,3000,
112713,102713,3002,3002,0.02,>,Y,35200,3000,
122713,102713,3002,3002,-0.02,<,Y,35200,3000,
112714,102714,3002,3002,0.02,>,Y,35200,3000,
122714,102714,3002,3002,-0.02,<,Y,35200,3000,
112715,102715,3002,3002,0.02,>,Y,35200,3000,
122715,102715,3002,3002,-0.02,<,Y,35200,3000,
112716,102716,3002,3002,0.02,>,Y,35200,3000,
122716,102716,3002,3002,-0.02,<,Y,35200,3000,
112717,102717,3002,3002,0.02,>,Y,35200,3000,
122717,102717,3002,3002,-0.02,<,Y,35200,3000,
112718,102718,3002,3002,0.02,>,Y,35200,3000,
122718,102718,3002,3002,-0.02,<,Y,35200,3000,
112719,102719,3002,3002,0.02,>,Y,35200,3000,
122719,102719,3002,3002,-0.02,<,Y,35200,3000,
112720,102720,3002,3002,0.02,>,Y,35200,3000,
122720,102720,3002,3002,-0.02,<,Y,35200,3000,
112721,102721,3002,3002,0.02,>,Y,35200,3000,
122721,102721,3002,3002,-0.02,<,Y,35200,3000,
112722,102722,3002,3002,0.02,>,Y,35200,3000,
122722,102722,3002,3002,-0.02,<,Y,35200,3000,
112723,102723,3002,3002,0.02,>,Y,35200,3000,
122723,102723,3002,3002,-0.02,<,Y,35200,3000,
112724,102724,3002,3002,0.02,>,Y,35200,3000,
122724,102724,3002,3002,-0.02,<,Y,35200,3000,
112725,102725,3002,3002,0.02,>,Y,35200,3000,
122725,102725,3002,3002,-0.02,<,Y,35200,3000,
112726,102726,3002,3002,0.02,>,Y,35200,3000,
122726,102726,3002,3002,-0.02,<,Y,35200,3000,
112727,102727,3002,3002,0.02,>,Y,35200,3000,
122727,102727,3002,3002,-0.02,<,Y,35200,3000,
112728,102728,3002,3002,0.02,>,Y,35200,3000,
122728,102728,3002,3002,-0.02,<,Y,35200,3000,
112729,102729,3002,3002,0.02,>,Y,35200,3000,
122729,102729,3002,3002,-0.02,<,Y,35200,3000,
112730,102730,3002,3002,0.02,>,Y,35200,3000,
122730,102730,3002,3002,-0.02,<,Y,35200,3000,
112731,102731,3002,3002,0.02,>,Y,35200,3000,
122731,102731,3002,3002,-0.02,<,Y,35200,3000,
112732,102732,3002,3002,0.02,>,Y,35200,3000,
122732,102732,3002,3002,-0.02,<,Y,35200,3000,
112733,102733,3002,3002,0.02,>,Y,35200,3000,
122733,102733,3002,3002,-0.02,<,Y,35200,3000,
112734,102734,3002,3002,0.02,>,Y,35200,3000,
122734,102734,3002,3002,-0.02,<,Y,35200,3000,
112735,102735,3002,3002,0.02,>,Y,35200,3000,
122735,102735,3002,3002,-0.02,<,Y,35200,3000,
112736,102736,3002,3002,0.02,>,Y,35200,3000,
122736,102736,3002,3002,-0.02,<,Y,35200,3000,
112737,102737,3002,3002,0.02,>,Y,35200,3000,
122737,102737,3002,3002,-0.02,<,Y,35200,3000,
112738,102738,3002,3002,0.02,>,Y,35200,3000,
122738,102738,3002,3002,-0.02,<,Y,35200,3000,
112739,102739,3002,3002,0.02,>,Y,35200,3000,
122739,102739,3002,3002,-0.02,<,Y,35200,3000,
112740,102740,3002,3002,0.02,>,Y,35200,3000,
122740,102740,3002,3002,-0.02,<,Y,35200,3000,
112741,102741,3002,3002,0.02,>,Y,35200,3000,
122741,102741,3002,3002,-0.02,<,Y,35200,3000,
112742,102742,3002,3002,0.02,>,Y,35200,3000,
122742,102742,3002,3002,-0.02,<,Y,35200,3000,
112743,102743,3002,3002,0.02,>,Y,35200,3000,
122743,102743,3002,3002,-0.02,<,Y,35200,3000,
112744,102744,3002,3002,0.02,>,Y,35200,3000,
122744,102744,3002,3002,-0.02,<,Y,35200,3000,
112745,102745,3002,3002,0.02,>,Y,35200,3000,
122745,102745,3002,3002,-0.02,<,Y,35200,3000,
112746,102746,3002,3002,0.02,>,Y,35200,3000,
122746,102746,3002,3002,-0.02,<,Y,35200,3000,
112747,102747,3002,3002,0.02,>,Y,35200,3000,
122747,102747,3002,3002,-0.02,<,Y,35200,3000,
112748,102748,3002,3002,0.02,>,Y,35200,3000,
122748,102748,3002,3002,-0.02,<,Y,35200,3000,
112749,102749,3002,3002,0.02,>,Y,35200,3000,
122749,102749,3002,3002,-0.02,<,Y,35200,3000,
112750,102750,3002,3002,0.02,>,Y,35200,3000,
122750,102750,3002,3002,-0.02,<,Y,35200,3000,
112751,102751,3002,3002,0.02,>,Y,35200,3000,
122751,102751,3002,3002,-0.02,<,Y,35200,3000,
112752,102752,3002,3002,0.02,>,Y,35200,3000,
122752,102752,3002,3002,-0.02,<,Y,35200,3000,
112753,102753,3002,3002,0.02,>,Y,35200,3000,
122753,102753,3002,3002,-0.02,<,Y,35200,3000,
112754,102754,3002,3002,0.02,>,Y,35200,3000,
122754,102754,3002,3002,-0.02,<,Y,35200,3000,
112755,102755,3002,3002,0.02,>,Y,35200,3000,
122755,102755,3002,3002,-0.02,<,Y,35200,3000,
112756,102756,3002,3002,0.02,>,Y,35200,3000,
122756,102756,3002,3002,-0.02,<,Y,35200,3000,
112757,102757,3002,3002,0.02,>,Y,35200,3000,
122757,102757,3002,3002,-0.02,<,Y,35200,3000,
112758,102758,3002,3002,0.02,>,Y,35200,3000,
122758,102758,3002,3002,-0.02,<,Y,35200,3000,
112759,102759,3002,3002,0.02,>,Y,35200,3000,
122759,102759,3002,3002,-0.02,<,Y,35200,3000,
112760,102760,3002,3002,0.02,>,Y,35200,3000,
122760,102760,3002,3002,-0.02,<,Y,35200,3000,
112761,102761,3002,3002,0.02,>,Y,35200,3000,
122761,102761,3002,3002,-0.02,<,Y,35200,3000,
112762,102762,3002,3002,0.02,>,Y,35200,3000,
122762,102762,3002,3002,-0.02,<,Y,35200,3000,
112763,102763,3002,3002,0.02,>,Y,35200,3000,
122763,102763,3002,3002,-0.02,<,Y,35200,3000,
112764,102764,3002,3002,0.02,>,Y,35200,3000,
122764,102764,3002,3002,-0.02,<,Y,35200,3000,
112765,102765,3002,3002,0.02,>,Y,35200,3000,
122765,102765,3002,3002,-0.02,<,Y,35200,3000,
112766,102766,3002,3002,0.02,>,Y,35200,3000,
122766,102766,3002,3002,-0.02,<,Y,35200,3000,
112767,102767,3002,3002,0.02,>,Y,35200,3000,
122767,102767,3002,3002,-0.02,<,Y,35200,3000,
112768,102768,3002,3002,0.02,>,Y,35200,3000,
122768,102768,3002,3002,-0.02,<,Y,35200,3000,
112769,102769,3002,3002,0.02,>,Y,35200,3000,
122769,102769,3002,3002,-0.02,<,Y,35200,3000,
112770,102770,3002,3002,0.02,>,Y,35200,3000,
122770,102770,3002,3002,-0.02,<,Y,35200,3000,
112771,102771,3002,3002,0.02,>,Y,35200,3000,
122771,102771,3002,3002,-0.02,<,Y,35200,3000,
112772,102772,3002,3002,0.02,>,Y,35200,3000,
122772,102772,3002,3002,-0.02,<,Y,35200,3000,
112773,102773,3002,3002,0.02,>,Y,35200,3000,
122773,102773,3002,3002,-0.02,<,Y,35200,3000,
112774,102774,3002,3002,0.02,>,Y,35200,3000,
122774,102774,3002,3002,-0.02,<,Y,35200,3000,
112775,102775,3002,3002,0.02,>,Y,35200,3000,
122775,102775,3002,3002,-0.02,<,Y,35200,3000,
112776,102776,3002,3002,0.02,>,Y,35200,3000,
122776,102776,3002,3002,-0.02,<,Y,35200,3000,
112777,102777,3002,3002,0.02,>,Y,35200,3000,
122777,102777,3002,3002,-0.02,<,Y,35200,3000,
112182,102182,3002,3002,0.02,>,Y,35200,3000,
122182,102182,3002,3002,-0.02,<,Y,35200,3000,
112183,102183,3002,3002,0.02,>,Y,35200,3000,
122183,102183,3002,3002,-0.02,<,Y,35200,3000,
112184,102184,3002,3002,0.02,>,Y,35200,3000,
122184,102184,3002,3002,-0.02,<,Y,35200,3000,
112185,102185,3002,3002,0.02,>,Y,35200,3000,
122185,102185,3002,3002,-0.02,<,Y,35200,3000,
112186,102186,3002,3002,0.02,>,Y,35200,3000,
122186,102186,3002,3002,-0.02,<,Y,35200,3000,
112187,102187,3002,3002,0.02,>,Y,35200,3000,
122187,102187,3002,3002,-0.02,<,Y,35200,3000,
112188,102188,3002,3002,0.02,>,Y,35200,3000,
122188,102188,3002,3002,-0.02,<,Y,35200,3000,
112189,102189,3002,3002,0.02,>,Y,35200,3000,
122189,102189,3002,3002,-0.02,<,Y,35200,3000,
112190,102190,3002,3002,0.02,>,Y,35200,3000,
122190,102190,3002,3002,-0.02,<,Y,35200,3000,
112191,102191,3002,3002,0.02,>,Y,35200,3000,
122191,102191,3002,3002,-0.02,<,Y,35200,3000,
122192,102192,3002,3002,-0.02,<,Y,35200,3000,
122193,102193,3002,3002,-0.02,<,Y,35200,3000,
