PROMPT Adding UM.D_CUSTOM_01
insert into um.d_custom_01 (D_CUSTOM_01_ID, CUSTOM_TYPE, DESCRIPTION)
values (100072, 'ST_ONXP_VOICE_POSTPAID', 'ONXP Voice Postpaid');

insert into um.d_custom_01 (D_CUSTOM_01_ID, CUSTOM_TYPE, DESCRIPTION)
values (100073, 'ST_ONXP_VOICE_POSTPAID_HOME', 'ONXP Voice Postpaid Home');

insert into um.d_custom_01 (D_CUSTOM_01_ID, CUSTOM_TYPE, DESCRIPTION)
values (100074, 'ST_ONXP_VOICE_POSTPAID_HOME_MO', 'ONXP Voice Postpaid Home Mobile Originated');

insert into um.d_custom_01 (D_CUSTOM_01_ID, CUSTOM_TYPE, DESCRIPTION)
values (100075, 'ST_ONXP_VOICE_POSTPAID_HOME_CALL_FWD', 'ONXP Voice Postpaid Home Call Forward');

PROMPT Adding UM.METRIC_DEFINITION_REF
insert into um.metric_definition_ref (METRIC_DEFINITION_ID, NAME, DESCRIPTION, THRESHOLD_REAPPLY_PERIOD, METRIC_TYPE_ID, METRIC_CATEGORY_ID)
values (100425, 'ST_ONXP_VOICE_POSTPAID - EDR Count', 'ST_ONXP_VOICE_POSTPAID - EDR Count', 7, 100000, 100000);

insert into um.metric_definition_ref (METRIC_DEFINITION_ID, NAME, DESCRIPTION, THRESHOLD_REAPPLY_PERIOD, METRIC_TYPE_ID, METRIC_CATEGORY_ID)
values (100426, 'ST_ONXP_VOICE_POSTPAID_HOME - EDR Count', 'ST_ONXP_VOICE_POSTPAID_HOME - EDR Count', 7, 100000, 100000);

insert into um.metric_definition_ref (METRIC_DEFINITION_ID, NAME, DESCRIPTION, THRESHOLD_REAPPLY_PERIOD, METRIC_TYPE_ID, METRIC_CATEGORY_ID)
values (100427, 'ST_ONXP_VOICE_POSTPAID_HOME_CALL_FWD - EDR Count', 'ST_ONXP_VOICE_POSTPAID_HOME_CALL_FWD - EDR Count', 7, 100000, 100000);

insert into um.metric_definition_ref (METRIC_DEFINITION_ID, NAME, DESCRIPTION, THRESHOLD_REAPPLY_PERIOD, METRIC_TYPE_ID, METRIC_CATEGORY_ID)
values (100428, 'ST_ONXP_VOICE_POSTPAID_HOME_MO - EDR Count', 'ST_ONXP_VOICE_POSTPAID_HOME_MO - EDR Count', 7, 100000, 100000);

insert into um.metric_definition_ref (METRIC_DEFINITION_ID, NAME, DESCRIPTION, THRESHOLD_REAPPLY_PERIOD, METRIC_TYPE_ID, METRIC_CATEGORY_ID)
values (100429, 'ST_ONXP_VOICE_POSTPAID - EDR Duration', 'ST_ONXP_VOICE_POSTPAID - EDR Duration', 7, 100000, 100000);

insert into um.metric_definition_ref (METRIC_DEFINITION_ID, NAME, DESCRIPTION, THRESHOLD_REAPPLY_PERIOD, METRIC_TYPE_ID, METRIC_CATEGORY_ID)
values (100430, 'ST_ONXP_VOICE_POSTPAID_HOME - EDR Duration', 'ST_ONXP_VOICE_POSTPAID_HOME - EDR Duration', 7, 100000, 100000);

insert into um.metric_definition_ref (METRIC_DEFINITION_ID, NAME, DESCRIPTION, THRESHOLD_REAPPLY_PERIOD, METRIC_TYPE_ID, METRIC_CATEGORY_ID)
values (100431, 'ST_ONXP_VOICE_POSTPAID_HOME_CALL_FWD - EDR Duration', 'ST_ONXP_VOICE_POSTPAID_HOME_CALL_FWD - EDR Duration', 7, 100000, 100000);

insert into um.metric_definition_ref (METRIC_DEFINITION_ID, NAME, DESCRIPTION, THRESHOLD_REAPPLY_PERIOD, METRIC_TYPE_ID, METRIC_CATEGORY_ID)
values (100432, 'ST_ONXP_VOICE_POSTPAID_HOME_MO - EDR Duration', 'ST_ONXP_VOICE_POSTPAID_HOME_MO - EDR Duration', 7, 100000, 100000);

insert into um.metric_definition_ref (METRIC_DEFINITION_ID, NAME, DESCRIPTION, THRESHOLD_REAPPLY_PERIOD, METRIC_TYPE_ID, METRIC_CATEGORY_ID)
values (100433, 'ST_ONXP_VOICE_POSTPAID - EDR Value', 'ST_ONXP_VOICE_POSTPAID - EDR Value', 7, 100000, 100000);

insert into um.metric_definition_ref (METRIC_DEFINITION_ID, NAME, DESCRIPTION, THRESHOLD_REAPPLY_PERIOD, METRIC_TYPE_ID, METRIC_CATEGORY_ID)
values (100434, 'ST_ONXP_VOICE_POSTPAID_HOME - EDR Value', 'ST_ONXP_VOICE_POSTPAID_HOME - EDR Value', 7, 100000, 100000);

insert into um.metric_definition_ref (METRIC_DEFINITION_ID, NAME, DESCRIPTION, THRESHOLD_REAPPLY_PERIOD, METRIC_TYPE_ID, METRIC_CATEGORY_ID)
values (100435, 'ST_ONXP_VOICE_POSTPAID_HOME_CALL_FWD - EDR Value', 'ST_ONXP_VOICE_POSTPAID_HOME_CALL_FWD - EDR Value', 7, 100000, 100000);

insert into um.metric_definition_ref (METRIC_DEFINITION_ID, NAME, DESCRIPTION, THRESHOLD_REAPPLY_PERIOD, METRIC_TYPE_ID, METRIC_CATEGORY_ID)
values (100436, 'ST_ONXP_VOICE_POSTPAID_HOME_MO - EDR Value', 'ST_ONXP_VOICE_POSTPAID_HOME_MO - EDR Value', 7, 100000, 100000);

insert into um.metric_definition_ref (METRIC_DEFINITION_ID, NAME, DESCRIPTION, THRESHOLD_REAPPLY_PERIOD, METRIC_TYPE_ID, METRIC_CATEGORY_ID)
values (100437, 'ST_ONXP_VOICE_POSTPAID - EDR Bytes', 'ST_ONXP_VOICE_POSTPAID - EDR Bytes', 7, 100000, 100000);

insert into um.metric_definition_ref (METRIC_DEFINITION_ID, NAME, DESCRIPTION, THRESHOLD_REAPPLY_PERIOD, METRIC_TYPE_ID, METRIC_CATEGORY_ID)
values (100438, 'ST_ONXP_VOICE_POSTPAID_HOME - EDR Bytes', 'ST_ONXP_VOICE_POSTPAID_HOME - EDR Bytes', 7, 100000, 100000);

insert into um.metric_definition_ref (METRIC_DEFINITION_ID, NAME, DESCRIPTION, THRESHOLD_REAPPLY_PERIOD, METRIC_TYPE_ID, METRIC_CATEGORY_ID)
values (100439, 'ST_ONXP_VOICE_POSTPAID_HOME_CALL_FWD - EDR Bytes', 'ST_ONXP_VOICE_POSTPAID_HOME_CALL_FWD - EDR Bytes', 7, 100000, 100000);

insert into um.metric_definition_ref (METRIC_DEFINITION_ID, NAME, DESCRIPTION, THRESHOLD_REAPPLY_PERIOD, METRIC_TYPE_ID, METRIC_CATEGORY_ID)
values (100440, 'ST_ONXP_VOICE_POSTPAID_HOME_MO - EDR Bytes', 'ST_ONXP_VOICE_POSTPAID_HOME_MO - EDR Bytes', 7, 100000, 100000);

PROMPT Adding UM.METRIC_VERSION_REF
insert into um.metric_version_ref (METRIC_VERSION_ID, METRIC_DEFINITION_ID, PARENT_VERSION_ID, DESCRIPTION, VALID_FROM, VALID_TO, STATUS)
values (100425, 100425, null, 'ST_ONXP_VOICE_POSTPAID - EDR Count - Version 1', to_date('25-11-2010', 'dd-mm-yyyy'), to_date('31-12-2020 23:59:59', 'dd-mm-yyyy hh24:mi:ss'), 'A');

insert into um.metric_version_ref (METRIC_VERSION_ID, METRIC_DEFINITION_ID, PARENT_VERSION_ID, DESCRIPTION, VALID_FROM, VALID_TO, STATUS)
values (100426, 100426, null, 'ST_ONXP_VOICE_POSTPAID_HOME - EDR Count - Version 1', to_date('25-11-2010', 'dd-mm-yyyy'), to_date('31-12-2020 23:59:59', 'dd-mm-yyyy hh24:mi:ss'), 'A');

insert into um.metric_version_ref (METRIC_VERSION_ID, METRIC_DEFINITION_ID, PARENT_VERSION_ID, DESCRIPTION, VALID_FROM, VALID_TO, STATUS)
values (100427, 100427, null, 'ST_ONXP_VOICE_POSTPAID_HOME_CALL_FWD - EDR Count - Version 1', to_date('25-11-2010', 'dd-mm-yyyy'), to_date('31-12-2020 23:59:59', 'dd-mm-yyyy hh24:mi:ss'), 'A');

insert into um.metric_version_ref (METRIC_VERSION_ID, METRIC_DEFINITION_ID, PARENT_VERSION_ID, DESCRIPTION, VALID_FROM, VALID_TO, STATUS)
values (100428, 100428, null, 'ST_ONXP_VOICE_POSTPAID_HOME_MO - EDR Count - Version 1', to_date('25-11-2010', 'dd-mm-yyyy'), to_date('31-12-2020 23:59:59', 'dd-mm-yyyy hh24:mi:ss'), 'A');

insert into um.metric_version_ref (METRIC_VERSION_ID, METRIC_DEFINITION_ID, PARENT_VERSION_ID, DESCRIPTION, VALID_FROM, VALID_TO, STATUS)
values (100429, 100429, null, 'ST_ONXP_VOICE_POSTPAID - EDR Duration - Version 1', to_date('25-11-2010', 'dd-mm-yyyy'), to_date('31-12-2020 23:59:59', 'dd-mm-yyyy hh24:mi:ss'), 'A');

insert into um.metric_version_ref (METRIC_VERSION_ID, METRIC_DEFINITION_ID, PARENT_VERSION_ID, DESCRIPTION, VALID_FROM, VALID_TO, STATUS)
values (100430, 100430, null, 'ST_ONXP_VOICE_POSTPAID_HOME - EDR Duration - Version 1', to_date('25-11-2010', 'dd-mm-yyyy'), to_date('31-12-2020 23:59:59', 'dd-mm-yyyy hh24:mi:ss'), 'A');

insert into um.metric_version_ref (METRIC_VERSION_ID, METRIC_DEFINITION_ID, PARENT_VERSION_ID, DESCRIPTION, VALID_FROM, VALID_TO, STATUS)
values (100431, 100431, null, 'ST_ONXP_VOICE_POSTPAID_HOME_CALL_FWD - EDR Duration - Version 1', to_date('25-11-2010', 'dd-mm-yyyy'), to_date('31-12-2020 23:59:59', 'dd-mm-yyyy hh24:mi:ss'), 'A');

insert into um.metric_version_ref (METRIC_VERSION_ID, METRIC_DEFINITION_ID, PARENT_VERSION_ID, DESCRIPTION, VALID_FROM, VALID_TO, STATUS)
values (100432, 100432, null, 'ST_ONXP_VOICE_POSTPAID_HOME_MO - EDR Duration - Version 1', to_date('25-11-2010', 'dd-mm-yyyy'), to_date('31-12-2020 23:59:59', 'dd-mm-yyyy hh24:mi:ss'), 'A');

insert into um.metric_version_ref (METRIC_VERSION_ID, METRIC_DEFINITION_ID, PARENT_VERSION_ID, DESCRIPTION, VALID_FROM, VALID_TO, STATUS)
values (100433, 100433, null, 'ST_ONXP_VOICE_POSTPAID - EDR Value - Version 1', to_date('25-11-2010', 'dd-mm-yyyy'), to_date('31-12-2020 23:59:59', 'dd-mm-yyyy hh24:mi:ss'), 'A');

insert into um.metric_version_ref (METRIC_VERSION_ID, METRIC_DEFINITION_ID, PARENT_VERSION_ID, DESCRIPTION, VALID_FROM, VALID_TO, STATUS)
values (100434, 100434, null, 'ST_ONXP_VOICE_POSTPAID_HOME - EDR Value - Version 1', to_date('25-11-2010', 'dd-mm-yyyy'), to_date('31-12-2020 23:59:59', 'dd-mm-yyyy hh24:mi:ss'), 'A');

insert into um.metric_version_ref (METRIC_VERSION_ID, METRIC_DEFINITION_ID, PARENT_VERSION_ID, DESCRIPTION, VALID_FROM, VALID_TO, STATUS)
values (100435, 100435, null, 'ST_ONXP_VOICE_POSTPAID_HOME_CALL_FWD - EDR Value - Version 1', to_date('25-11-2010', 'dd-mm-yyyy'), to_date('31-12-2020 23:59:59', 'dd-mm-yyyy hh24:mi:ss'), 'A');

insert into um.metric_version_ref (METRIC_VERSION_ID, METRIC_DEFINITION_ID, PARENT_VERSION_ID, DESCRIPTION, VALID_FROM, VALID_TO, STATUS)
values (100436, 100436, null, 'ST_ONXP_VOICE_POSTPAID_HOME_MO - EDR Value - Version 1', to_date('25-11-2010', 'dd-mm-yyyy'), to_date('31-12-2020 23:59:59', 'dd-mm-yyyy hh24:mi:ss'), 'A');

insert into um.metric_version_ref (METRIC_VERSION_ID, METRIC_DEFINITION_ID, PARENT_VERSION_ID, DESCRIPTION, VALID_FROM, VALID_TO, STATUS)
values (100437, 100437, null, 'ST_ONXP_VOICE_POSTPAID - EDR Bytes - Version 1', to_date('25-11-2010', 'dd-mm-yyyy'), to_date('31-12-2020 23:59:59', 'dd-mm-yyyy hh24:mi:ss'), 'A');

insert into um.metric_version_ref (METRIC_VERSION_ID, METRIC_DEFINITION_ID, PARENT_VERSION_ID, DESCRIPTION, VALID_FROM, VALID_TO, STATUS)
values (100438, 100438, null, 'ST_ONXP_VOICE_POSTPAID_HOME - EDR Bytes - Version 1', to_date('25-11-2010', 'dd-mm-yyyy'), to_date('31-12-2020 23:59:59', 'dd-mm-yyyy hh24:mi:ss'), 'A');

insert into um.metric_version_ref (METRIC_VERSION_ID, METRIC_DEFINITION_ID, PARENT_VERSION_ID, DESCRIPTION, VALID_FROM, VALID_TO, STATUS)
values (100439, 100439, null, 'ST_ONXP_VOICE_POSTPAID_HOME_CALL_FWD - EDR Bytes - Version 1', to_date('25-11-2010', 'dd-mm-yyyy'), to_date('31-12-2020 23:59:59', 'dd-mm-yyyy hh24:mi:ss'), 'A');

insert into um.metric_version_ref (METRIC_VERSION_ID, METRIC_DEFINITION_ID, PARENT_VERSION_ID, DESCRIPTION, VALID_FROM, VALID_TO, STATUS)
values (100440, 100440, null, 'ST_ONXP_VOICE_POSTPAID_HOME_MO - EDR Bytes - Version 1', to_date('25-11-2010', 'dd-mm-yyyy'), to_date('31-12-2020 23:59:59', 'dd-mm-yyyy hh24:mi:ss'), 'A');


PROMPT Adding UM.NODE_METRIC_JN
insert into um.node_metric_jn (NODE_ID, METRIC_DEFINITION_ID, THRESHOLD_DEFINITION_ID, THRESHOLD_SEQUENCE_ID, SOURCE_ID, SOURCE_TYPE_ID, FILE_MATCH_DEFINITION_ID, IS_REGENERATE, IS_ACTIVE)
values (100120, 100425, 100002, null, null, null, 100000, 'Y', 'Y');

insert into um.node_metric_jn (NODE_ID, METRIC_DEFINITION_ID, THRESHOLD_DEFINITION_ID, THRESHOLD_SEQUENCE_ID, SOURCE_ID, SOURCE_TYPE_ID, FILE_MATCH_DEFINITION_ID, IS_REGENERATE, IS_ACTIVE)
values (100142, 100425, 100002, null, null, null, 100000, 'Y', 'Y');

insert into um.node_metric_jn (NODE_ID, METRIC_DEFINITION_ID, THRESHOLD_DEFINITION_ID, THRESHOLD_SEQUENCE_ID, SOURCE_ID, SOURCE_TYPE_ID, FILE_MATCH_DEFINITION_ID, IS_REGENERATE, IS_ACTIVE)
values (100102, 100425, 100002, null, null, null, 100000, 'Y', 'Y');

insert into um.node_metric_jn (NODE_ID, METRIC_DEFINITION_ID, THRESHOLD_DEFINITION_ID, THRESHOLD_SEQUENCE_ID, SOURCE_ID, SOURCE_TYPE_ID, FILE_MATCH_DEFINITION_ID, IS_REGENERATE, IS_ACTIVE)
values (100145, 100425, 100002, null, null, null, 100000, 'Y', 'Y');

insert into um.node_metric_jn (NODE_ID, METRIC_DEFINITION_ID, THRESHOLD_DEFINITION_ID, THRESHOLD_SEQUENCE_ID, SOURCE_ID, SOURCE_TYPE_ID, FILE_MATCH_DEFINITION_ID, IS_REGENERATE, IS_ACTIVE)
values (100120, 100426, 100002, null, null, null, 100000, 'Y', 'Y');

insert into um.node_metric_jn (NODE_ID, METRIC_DEFINITION_ID, THRESHOLD_DEFINITION_ID, THRESHOLD_SEQUENCE_ID, SOURCE_ID, SOURCE_TYPE_ID, FILE_MATCH_DEFINITION_ID, IS_REGENERATE, IS_ACTIVE)
values (100145, 100426, 100002, null, null, null, 100000, 'Y', 'Y');

insert into um.node_metric_jn (NODE_ID, METRIC_DEFINITION_ID, THRESHOLD_DEFINITION_ID, THRESHOLD_SEQUENCE_ID, SOURCE_ID, SOURCE_TYPE_ID, FILE_MATCH_DEFINITION_ID, IS_REGENERATE, IS_ACTIVE)
values (100142, 100426, 100002, null, null, null, 100000, 'Y', 'Y');

insert into um.node_metric_jn (NODE_ID, METRIC_DEFINITION_ID, THRESHOLD_DEFINITION_ID, THRESHOLD_SEQUENCE_ID, SOURCE_ID, SOURCE_TYPE_ID, FILE_MATCH_DEFINITION_ID, IS_REGENERATE, IS_ACTIVE)
values (100102, 100426, 100002, null, null, null, 100000, 'Y', 'Y');

insert into um.node_metric_jn (NODE_ID, METRIC_DEFINITION_ID, THRESHOLD_DEFINITION_ID, THRESHOLD_SEQUENCE_ID, SOURCE_ID, SOURCE_TYPE_ID, FILE_MATCH_DEFINITION_ID, IS_REGENERATE, IS_ACTIVE)
values (100142, 100427, 100002, null, null, null, 100000, 'Y', 'Y');

insert into um.node_metric_jn (NODE_ID, METRIC_DEFINITION_ID, THRESHOLD_DEFINITION_ID, THRESHOLD_SEQUENCE_ID, SOURCE_ID, SOURCE_TYPE_ID, FILE_MATCH_DEFINITION_ID, IS_REGENERATE, IS_ACTIVE)
values (100120, 100427, 100002, null, null, null, 100000, 'Y', 'Y');

insert into um.node_metric_jn (NODE_ID, METRIC_DEFINITION_ID, THRESHOLD_DEFINITION_ID, THRESHOLD_SEQUENCE_ID, SOURCE_ID, SOURCE_TYPE_ID, FILE_MATCH_DEFINITION_ID, IS_REGENERATE, IS_ACTIVE)
values (100102, 100427, 100002, null, null, null, 100000, 'Y', 'Y');

insert into um.node_metric_jn (NODE_ID, METRIC_DEFINITION_ID, THRESHOLD_DEFINITION_ID, THRESHOLD_SEQUENCE_ID, SOURCE_ID, SOURCE_TYPE_ID, FILE_MATCH_DEFINITION_ID, IS_REGENERATE, IS_ACTIVE)
values (100145, 100427, 100002, null, null, null, 100000, 'Y', 'Y');

insert into um.node_metric_jn (NODE_ID, METRIC_DEFINITION_ID, THRESHOLD_DEFINITION_ID, THRESHOLD_SEQUENCE_ID, SOURCE_ID, SOURCE_TYPE_ID, FILE_MATCH_DEFINITION_ID, IS_REGENERATE, IS_ACTIVE)
values (100120, 100428, 100002, null, null, null, 100000, 'Y', 'Y');

insert into um.node_metric_jn (NODE_ID, METRIC_DEFINITION_ID, THRESHOLD_DEFINITION_ID, THRESHOLD_SEQUENCE_ID, SOURCE_ID, SOURCE_TYPE_ID, FILE_MATCH_DEFINITION_ID, IS_REGENERATE, IS_ACTIVE)
values (100102, 100428, 100002, null, null, null, 100000, 'Y', 'Y');

insert into um.node_metric_jn (NODE_ID, METRIC_DEFINITION_ID, THRESHOLD_DEFINITION_ID, THRESHOLD_SEQUENCE_ID, SOURCE_ID, SOURCE_TYPE_ID, FILE_MATCH_DEFINITION_ID, IS_REGENERATE, IS_ACTIVE)
values (100145, 100428, 100002, null, null, null, 100000, 'Y', 'Y');

insert into um.node_metric_jn (NODE_ID, METRIC_DEFINITION_ID, THRESHOLD_DEFINITION_ID, THRESHOLD_SEQUENCE_ID, SOURCE_ID, SOURCE_TYPE_ID, FILE_MATCH_DEFINITION_ID, IS_REGENERATE, IS_ACTIVE)
values (100142, 100428, 100002, null, null, null, 100000, 'Y', 'Y');

insert into um.node_metric_jn (NODE_ID, METRIC_DEFINITION_ID, THRESHOLD_DEFINITION_ID, THRESHOLD_SEQUENCE_ID, SOURCE_ID, SOURCE_TYPE_ID, FILE_MATCH_DEFINITION_ID, IS_REGENERATE, IS_ACTIVE)
values (100120, 100429, 100002, null, null, null, 100000, 'Y', 'Y');

insert into um.node_metric_jn (NODE_ID, METRIC_DEFINITION_ID, THRESHOLD_DEFINITION_ID, THRESHOLD_SEQUENCE_ID, SOURCE_ID, SOURCE_TYPE_ID, FILE_MATCH_DEFINITION_ID, IS_REGENERATE, IS_ACTIVE)
values (100142, 100429, 100002, null, null, null, 100000, 'Y', 'Y');

insert into um.node_metric_jn (NODE_ID, METRIC_DEFINITION_ID, THRESHOLD_DEFINITION_ID, THRESHOLD_SEQUENCE_ID, SOURCE_ID, SOURCE_TYPE_ID, FILE_MATCH_DEFINITION_ID, IS_REGENERATE, IS_ACTIVE)
values (100102, 100429, 100002, null, null, null, 100000, 'Y', 'Y');

insert into um.node_metric_jn (NODE_ID, METRIC_DEFINITION_ID, THRESHOLD_DEFINITION_ID, THRESHOLD_SEQUENCE_ID, SOURCE_ID, SOURCE_TYPE_ID, FILE_MATCH_DEFINITION_ID, IS_REGENERATE, IS_ACTIVE)
values (100145, 100429, 100002, null, null, null, 100000, 'Y', 'Y');

insert into um.node_metric_jn (NODE_ID, METRIC_DEFINITION_ID, THRESHOLD_DEFINITION_ID, THRESHOLD_SEQUENCE_ID, SOURCE_ID, SOURCE_TYPE_ID, FILE_MATCH_DEFINITION_ID, IS_REGENERATE, IS_ACTIVE)
values (100120, 100430, 100002, null, null, null, 100000, 'Y', 'Y');

insert into um.node_metric_jn (NODE_ID, METRIC_DEFINITION_ID, THRESHOLD_DEFINITION_ID, THRESHOLD_SEQUENCE_ID, SOURCE_ID, SOURCE_TYPE_ID, FILE_MATCH_DEFINITION_ID, IS_REGENERATE, IS_ACTIVE)
values (100145, 100430, 100002, null, null, null, 100000, 'Y', 'Y');

insert into um.node_metric_jn (NODE_ID, METRIC_DEFINITION_ID, THRESHOLD_DEFINITION_ID, THRESHOLD_SEQUENCE_ID, SOURCE_ID, SOURCE_TYPE_ID, FILE_MATCH_DEFINITION_ID, IS_REGENERATE, IS_ACTIVE)
values (100142, 100430, 100002, null, null, null, 100000, 'Y', 'Y');

insert into um.node_metric_jn (NODE_ID, METRIC_DEFINITION_ID, THRESHOLD_DEFINITION_ID, THRESHOLD_SEQUENCE_ID, SOURCE_ID, SOURCE_TYPE_ID, FILE_MATCH_DEFINITION_ID, IS_REGENERATE, IS_ACTIVE)
values (100102, 100430, 100002, null, null, null, 100000, 'Y', 'Y');

insert into um.node_metric_jn (NODE_ID, METRIC_DEFINITION_ID, THRESHOLD_DEFINITION_ID, THRESHOLD_SEQUENCE_ID, SOURCE_ID, SOURCE_TYPE_ID, FILE_MATCH_DEFINITION_ID, IS_REGENERATE, IS_ACTIVE)
values (100142, 100431, 100002, null, null, null, 100000, 'Y', 'Y');

insert into um.node_metric_jn (NODE_ID, METRIC_DEFINITION_ID, THRESHOLD_DEFINITION_ID, THRESHOLD_SEQUENCE_ID, SOURCE_ID, SOURCE_TYPE_ID, FILE_MATCH_DEFINITION_ID, IS_REGENERATE, IS_ACTIVE)
values (100120, 100431, 100002, null, null, null, 100000, 'Y', 'Y');

insert into um.node_metric_jn (NODE_ID, METRIC_DEFINITION_ID, THRESHOLD_DEFINITION_ID, THRESHOLD_SEQUENCE_ID, SOURCE_ID, SOURCE_TYPE_ID, FILE_MATCH_DEFINITION_ID, IS_REGENERATE, IS_ACTIVE)
values (100102, 100431, 100002, null, null, null, 100000, 'Y', 'Y');

insert into um.node_metric_jn (NODE_ID, METRIC_DEFINITION_ID, THRESHOLD_DEFINITION_ID, THRESHOLD_SEQUENCE_ID, SOURCE_ID, SOURCE_TYPE_ID, FILE_MATCH_DEFINITION_ID, IS_REGENERATE, IS_ACTIVE)
values (100145, 100431, 100002, null, null, null, 100000, 'Y', 'Y');

insert into um.node_metric_jn (NODE_ID, METRIC_DEFINITION_ID, THRESHOLD_DEFINITION_ID, THRESHOLD_SEQUENCE_ID, SOURCE_ID, SOURCE_TYPE_ID, FILE_MATCH_DEFINITION_ID, IS_REGENERATE, IS_ACTIVE)
values (100120, 100432, 100002, null, null, null, 100000, 'Y', 'Y');

insert into um.node_metric_jn (NODE_ID, METRIC_DEFINITION_ID, THRESHOLD_DEFINITION_ID, THRESHOLD_SEQUENCE_ID, SOURCE_ID, SOURCE_TYPE_ID, FILE_MATCH_DEFINITION_ID, IS_REGENERATE, IS_ACTIVE)
values (100102, 100432, 100002, null, null, null, 100000, 'Y', 'Y');

insert into um.node_metric_jn (NODE_ID, METRIC_DEFINITION_ID, THRESHOLD_DEFINITION_ID, THRESHOLD_SEQUENCE_ID, SOURCE_ID, SOURCE_TYPE_ID, FILE_MATCH_DEFINITION_ID, IS_REGENERATE, IS_ACTIVE)
values (100145, 100432, 100002, null, null, null, 100000, 'Y', 'Y');

insert into um.node_metric_jn (NODE_ID, METRIC_DEFINITION_ID, THRESHOLD_DEFINITION_ID, THRESHOLD_SEQUENCE_ID, SOURCE_ID, SOURCE_TYPE_ID, FILE_MATCH_DEFINITION_ID, IS_REGENERATE, IS_ACTIVE)
values (100142, 100432, 100002, null, null, null, 100000, 'Y', 'Y');

insert into um.node_metric_jn (NODE_ID, METRIC_DEFINITION_ID, THRESHOLD_DEFINITION_ID, THRESHOLD_SEQUENCE_ID, SOURCE_ID, SOURCE_TYPE_ID, FILE_MATCH_DEFINITION_ID, IS_REGENERATE, IS_ACTIVE)
values (100102, 100433, 100002, null, null, null, 100000, 'Y', 'Y');

insert into um.node_metric_jn (NODE_ID, METRIC_DEFINITION_ID, THRESHOLD_DEFINITION_ID, THRESHOLD_SEQUENCE_ID, SOURCE_ID, SOURCE_TYPE_ID, FILE_MATCH_DEFINITION_ID, IS_REGENERATE, IS_ACTIVE)
values (100120, 100433, 100002, null, null, null, 100000, 'Y', 'Y');

insert into um.node_metric_jn (NODE_ID, METRIC_DEFINITION_ID, THRESHOLD_DEFINITION_ID, THRESHOLD_SEQUENCE_ID, SOURCE_ID, SOURCE_TYPE_ID, FILE_MATCH_DEFINITION_ID, IS_REGENERATE, IS_ACTIVE)
values (100145, 100433, 100002, null, null, null, 100000, 'Y', 'Y');

insert into um.node_metric_jn (NODE_ID, METRIC_DEFINITION_ID, THRESHOLD_DEFINITION_ID, THRESHOLD_SEQUENCE_ID, SOURCE_ID, SOURCE_TYPE_ID, FILE_MATCH_DEFINITION_ID, IS_REGENERATE, IS_ACTIVE)
values (100120, 100434, 100002, null, null, null, 100000, 'Y', 'Y');

insert into um.node_metric_jn (NODE_ID, METRIC_DEFINITION_ID, THRESHOLD_DEFINITION_ID, THRESHOLD_SEQUENCE_ID, SOURCE_ID, SOURCE_TYPE_ID, FILE_MATCH_DEFINITION_ID, IS_REGENERATE, IS_ACTIVE)
values (100102, 100434, 100002, null, null, null, 100000, 'Y', 'Y');

insert into um.node_metric_jn (NODE_ID, METRIC_DEFINITION_ID, THRESHOLD_DEFINITION_ID, THRESHOLD_SEQUENCE_ID, SOURCE_ID, SOURCE_TYPE_ID, FILE_MATCH_DEFINITION_ID, IS_REGENERATE, IS_ACTIVE)
values (100145, 100434, 100002, null, null, null, 100000, 'Y', 'Y');

insert into um.node_metric_jn (NODE_ID, METRIC_DEFINITION_ID, THRESHOLD_DEFINITION_ID, THRESHOLD_SEQUENCE_ID, SOURCE_ID, SOURCE_TYPE_ID, FILE_MATCH_DEFINITION_ID, IS_REGENERATE, IS_ACTIVE)
values (100120, 100435, 100002, null, null, null, 100000, 'Y', 'Y');

insert into um.node_metric_jn (NODE_ID, METRIC_DEFINITION_ID, THRESHOLD_DEFINITION_ID, THRESHOLD_SEQUENCE_ID, SOURCE_ID, SOURCE_TYPE_ID, FILE_MATCH_DEFINITION_ID, IS_REGENERATE, IS_ACTIVE)
values (100102, 100435, 100002, null, null, null, 100000, 'Y', 'Y');

insert into um.node_metric_jn (NODE_ID, METRIC_DEFINITION_ID, THRESHOLD_DEFINITION_ID, THRESHOLD_SEQUENCE_ID, SOURCE_ID, SOURCE_TYPE_ID, FILE_MATCH_DEFINITION_ID, IS_REGENERATE, IS_ACTIVE)
values (100145, 100435, 100002, null, null, null, 100000, 'Y', 'Y');

insert into um.node_metric_jn (NODE_ID, METRIC_DEFINITION_ID, THRESHOLD_DEFINITION_ID, THRESHOLD_SEQUENCE_ID, SOURCE_ID, SOURCE_TYPE_ID, FILE_MATCH_DEFINITION_ID, IS_REGENERATE, IS_ACTIVE)
values (100120, 100436, 100002, null, null, null, 100000, 'Y', 'Y');

insert into um.node_metric_jn (NODE_ID, METRIC_DEFINITION_ID, THRESHOLD_DEFINITION_ID, THRESHOLD_SEQUENCE_ID, SOURCE_ID, SOURCE_TYPE_ID, FILE_MATCH_DEFINITION_ID, IS_REGENERATE, IS_ACTIVE)
values (100145, 100436, 100002, null, null, null, 100000, 'Y', 'Y');

insert into um.node_metric_jn (NODE_ID, METRIC_DEFINITION_ID, THRESHOLD_DEFINITION_ID, THRESHOLD_SEQUENCE_ID, SOURCE_ID, SOURCE_TYPE_ID, FILE_MATCH_DEFINITION_ID, IS_REGENERATE, IS_ACTIVE)
values (100102, 100436, 100002, null, null, null, 100000, 'Y', 'Y');

insert into um.node_metric_jn (NODE_ID, METRIC_DEFINITION_ID, THRESHOLD_DEFINITION_ID, THRESHOLD_SEQUENCE_ID, SOURCE_ID, SOURCE_TYPE_ID, FILE_MATCH_DEFINITION_ID, IS_REGENERATE, IS_ACTIVE)
values (100120, 100437, 100002, null, null, null, 100000, 'Y', 'Y');

insert into um.node_metric_jn (NODE_ID, METRIC_DEFINITION_ID, THRESHOLD_DEFINITION_ID, THRESHOLD_SEQUENCE_ID, SOURCE_ID, SOURCE_TYPE_ID, FILE_MATCH_DEFINITION_ID, IS_REGENERATE, IS_ACTIVE)
values (100120, 100438, 100002, null, null, null, 100000, 'Y', 'Y');

insert into um.node_metric_jn (NODE_ID, METRIC_DEFINITION_ID, THRESHOLD_DEFINITION_ID, THRESHOLD_SEQUENCE_ID, SOURCE_ID, SOURCE_TYPE_ID, FILE_MATCH_DEFINITION_ID, IS_REGENERATE, IS_ACTIVE)
values (100120, 100439, 100002, null, null, null, 100000, 'Y', 'Y');

insert into um.node_metric_jn (NODE_ID, METRIC_DEFINITION_ID, THRESHOLD_DEFINITION_ID, THRESHOLD_SEQUENCE_ID, SOURCE_ID, SOURCE_TYPE_ID, FILE_MATCH_DEFINITION_ID, IS_REGENERATE, IS_ACTIVE)
values (100120, 100440, 100002, null, null, null, 100000, 'Y', 'Y');


PROMPT Adding UM.FORECAST_METRIC_JN
insert into um.forecast_metric_jn (FORECAST_METRIC_ID, FORECAST_DEFINITION_ID, METRIC_DEFINITION_ID)
values (100425, 100001, 100425);

insert into um.forecast_metric_jn (FORECAST_METRIC_ID, FORECAST_DEFINITION_ID, METRIC_DEFINITION_ID)
values (100426, 100001, 100426);

insert into um.forecast_metric_jn (FORECAST_METRIC_ID, FORECAST_DEFINITION_ID, METRIC_DEFINITION_ID)
values (100427, 100001, 100427);

insert into um.forecast_metric_jn (FORECAST_METRIC_ID, FORECAST_DEFINITION_ID, METRIC_DEFINITION_ID)
values (100428, 100001, 100428);

insert into um.forecast_metric_jn (FORECAST_METRIC_ID, FORECAST_DEFINITION_ID, METRIC_DEFINITION_ID)
values (100429, 100001, 100429);

insert into um.forecast_metric_jn (FORECAST_METRIC_ID, FORECAST_DEFINITION_ID, METRIC_DEFINITION_ID)
values (100430, 100001, 100430);

insert into um.forecast_metric_jn (FORECAST_METRIC_ID, FORECAST_DEFINITION_ID, METRIC_DEFINITION_ID)
values (100431, 100001, 100431);

insert into um.forecast_metric_jn (FORECAST_METRIC_ID, FORECAST_DEFINITION_ID, METRIC_DEFINITION_ID)
values (100432, 100001, 100432);

insert into um.forecast_metric_jn (FORECAST_METRIC_ID, FORECAST_DEFINITION_ID, METRIC_DEFINITION_ID)
values (100433, 100001, 100433);

insert into um.forecast_metric_jn (FORECAST_METRIC_ID, FORECAST_DEFINITION_ID, METRIC_DEFINITION_ID)
values (100434, 100001, 100434);

insert into um.forecast_metric_jn (FORECAST_METRIC_ID, FORECAST_DEFINITION_ID, METRIC_DEFINITION_ID)
values (100435, 100001, 100435);

insert into um.forecast_metric_jn (FORECAST_METRIC_ID, FORECAST_DEFINITION_ID, METRIC_DEFINITION_ID)
values (100436, 100001, 100436);

insert into um.forecast_metric_jn (FORECAST_METRIC_ID, FORECAST_DEFINITION_ID, METRIC_DEFINITION_ID)
values (100437, 100001, 100437);

insert into um.forecast_metric_jn (FORECAST_METRIC_ID, FORECAST_DEFINITION_ID, METRIC_DEFINITION_ID)
values (100438, 100001, 100438);

insert into um.forecast_metric_jn (FORECAST_METRIC_ID, FORECAST_DEFINITION_ID, METRIC_DEFINITION_ID)
values (100439, 100001, 100439);

insert into um.forecast_metric_jn (FORECAST_METRIC_ID, FORECAST_DEFINITION_ID, METRIC_DEFINITION_ID)
values (100440, 100001, 100440);


PROMPT Adding UM.METRIC_OPERATOR_REF
insert into um.metric_operator_ref (METRIC_OPERATOR_ID, METRIC_VERSION_ID, UNIT_ID, OPERATOR_DEFINITION_ID, FORECAST_METRIC_ID, OPERATOR_ORDER, PARAMETERS, DESCRIPTION)
values (100425, 100425, 13, 35127, 100425, 1, '-syncOnMerge no -function sum -debug no -switch_to_raw no -threads 1 -distinct_filenames no', 'ST_ONXP_VOICE_POSTPAID - EDR Count');

insert into um.metric_operator_ref (METRIC_OPERATOR_ID, METRIC_VERSION_ID, UNIT_ID, OPERATOR_DEFINITION_ID, FORECAST_METRIC_ID, OPERATOR_ORDER, PARAMETERS, DESCRIPTION)
values (100426, 100426, 13, 35127, 100426, 1, '-syncOnMerge no -function sum -debug no -switch_to_raw no -threads 1 -distinct_filenames no', 'ST_ONXP_VOICE_POSTPAID_HOME - EDR Count');

insert into um.metric_operator_ref (METRIC_OPERATOR_ID, METRIC_VERSION_ID, UNIT_ID, OPERATOR_DEFINITION_ID, FORECAST_METRIC_ID, OPERATOR_ORDER, PARAMETERS, DESCRIPTION)
values (100427, 100427, 13, 35127, 100427, 1, '-syncOnMerge no -function sum -debug no -switch_to_raw no -threads 1 -distinct_filenames no', 'ST_ONXP_VOICE_POSTPAID_HOME_CALL_FWD - EDR Count');

insert into um.metric_operator_ref (METRIC_OPERATOR_ID, METRIC_VERSION_ID, UNIT_ID, OPERATOR_DEFINITION_ID, FORECAST_METRIC_ID, OPERATOR_ORDER, PARAMETERS, DESCRIPTION)
values (100428, 100428, 13, 35127, 100428, 1, '-syncOnMerge no -function sum -debug no -switch_to_raw no -threads 1 -distinct_filenames no', 'ST_ONXP_VOICE_POSTPAID_HOME_MO - EDR Count');

insert into um.metric_operator_ref (METRIC_OPERATOR_ID, METRIC_VERSION_ID, UNIT_ID, OPERATOR_DEFINITION_ID, FORECAST_METRIC_ID, OPERATOR_ORDER, PARAMETERS, DESCRIPTION)
values (100429, 100429, 4, 35127, 100429, 1, '-syncOnMerge no -function sum -debug no -switch_to_raw no -threads 1 -distinct_filenames no', 'ST_ONXP_VOICE_POSTPAID - EDR Duration');

insert into um.metric_operator_ref (METRIC_OPERATOR_ID, METRIC_VERSION_ID, UNIT_ID, OPERATOR_DEFINITION_ID, FORECAST_METRIC_ID, OPERATOR_ORDER, PARAMETERS, DESCRIPTION)
values (100430, 100430, 4, 35127, 100430, 1, '-syncOnMerge no -function sum -debug no -switch_to_raw no -threads 1 -distinct_filenames no', 'ST_ONXP_VOICE_POSTPAID_HOME - EDR Duration');

insert into um.metric_operator_ref (METRIC_OPERATOR_ID, METRIC_VERSION_ID, UNIT_ID, OPERATOR_DEFINITION_ID, FORECAST_METRIC_ID, OPERATOR_ORDER, PARAMETERS, DESCRIPTION)
values (100431, 100431, 4, 35127, 100431, 1, '-syncOnMerge no -function sum -debug no -switch_to_raw no -threads 1 -distinct_filenames no', 'ST_ONXP_VOICE_POSTPAID_HOME_CALL_FWD - EDR Duration');

insert into um.metric_operator_ref (METRIC_OPERATOR_ID, METRIC_VERSION_ID, UNIT_ID, OPERATOR_DEFINITION_ID, FORECAST_METRIC_ID, OPERATOR_ORDER, PARAMETERS, DESCRIPTION)
values (100432, 100432, 4, 35127, 100432, 1, '-syncOnMerge no -function sum -debug no -switch_to_raw no -threads 1 -distinct_filenames no', 'ST_ONXP_VOICE_POSTPAID_HOME_MO - EDR Duration');

insert into um.metric_operator_ref (METRIC_OPERATOR_ID, METRIC_VERSION_ID, UNIT_ID, OPERATOR_DEFINITION_ID, FORECAST_METRIC_ID, OPERATOR_ORDER, PARAMETERS, DESCRIPTION)
values (100433, 100433, 3, 35127, 100433, 1, '-syncOnMerge no -function sum -debug no -switch_to_raw no -threads 1 -distinct_filenames no', 'ST_ONXP_VOICE_POSTPAID - EDR Value');

insert into um.metric_operator_ref (METRIC_OPERATOR_ID, METRIC_VERSION_ID, UNIT_ID, OPERATOR_DEFINITION_ID, FORECAST_METRIC_ID, OPERATOR_ORDER, PARAMETERS, DESCRIPTION)
values (100434, 100434, 3, 35127, 100434, 1, '-syncOnMerge no -function sum -debug no -switch_to_raw no -threads 1 -distinct_filenames no', 'ST_ONXP_VOICE_POSTPAID_HOME - EDR Value');

insert into um.metric_operator_ref (METRIC_OPERATOR_ID, METRIC_VERSION_ID, UNIT_ID, OPERATOR_DEFINITION_ID, FORECAST_METRIC_ID, OPERATOR_ORDER, PARAMETERS, DESCRIPTION)
values (100435, 100435, 3, 35127, 100435, 1, '-syncOnMerge no -function sum -debug no -switch_to_raw no -threads 1 -distinct_filenames no', 'ST_ONXP_VOICE_POSTPAID_HOME_CALL_FWD - EDR Value');

insert into um.metric_operator_ref (METRIC_OPERATOR_ID, METRIC_VERSION_ID, UNIT_ID, OPERATOR_DEFINITION_ID, FORECAST_METRIC_ID, OPERATOR_ORDER, PARAMETERS, DESCRIPTION)
values (100436, 100436, 3, 35127, 100436, 1, '-syncOnMerge no -function sum -debug no -switch_to_raw no -threads 1 -distinct_filenames no', 'ST_ONXP_VOICE_POSTPAID_HOME_MO - EDR Value');

insert into um.metric_operator_ref (METRIC_OPERATOR_ID, METRIC_VERSION_ID, UNIT_ID, OPERATOR_DEFINITION_ID, FORECAST_METRIC_ID, OPERATOR_ORDER, PARAMETERS, DESCRIPTION)
values (100437, 100437, 10, 35127, 100437, 1, '-syncOnMerge no -function sum -debug no -switch_to_raw no -threads 1 -distinct_filenames no', 'ST_ONXP_VOICE_POSTPAID - EDR Bytes');

insert into um.metric_operator_ref (METRIC_OPERATOR_ID, METRIC_VERSION_ID, UNIT_ID, OPERATOR_DEFINITION_ID, FORECAST_METRIC_ID, OPERATOR_ORDER, PARAMETERS, DESCRIPTION)
values (100438, 100438, 10, 35127, 100438, 1, '-syncOnMerge no -function sum -debug no -switch_to_raw no -threads 1 -distinct_filenames no', 'ST_ONXP_VOICE_POSTPAID_HOME - EDR Bytes');

insert into um.metric_operator_ref (METRIC_OPERATOR_ID, METRIC_VERSION_ID, UNIT_ID, OPERATOR_DEFINITION_ID, FORECAST_METRIC_ID, OPERATOR_ORDER, PARAMETERS, DESCRIPTION)
values (100439, 100439, 10, 35127, 100439, 1, '-syncOnMerge no -function sum -debug no -switch_to_raw no -threads 1 -distinct_filenames no', 'ST_ONXP_VOICE_POSTPAID_HOME_CALL_FWD - EDR Bytes');

insert into um.metric_operator_ref (METRIC_OPERATOR_ID, METRIC_VERSION_ID, UNIT_ID, OPERATOR_DEFINITION_ID, FORECAST_METRIC_ID, OPERATOR_ORDER, PARAMETERS, DESCRIPTION)
values (100440, 100440, 10, 35127, 100440, 1, '-syncOnMerge no -function sum -debug no -switch_to_raw no -threads 1 -distinct_filenames no', 'ST_ONXP_VOICE_POSTPAID_HOME_MO - EDR Bytes');


PROMPT Adding UM.FMO_EQUATION
insert into um.fmo_equation (METRIC_OPERATOR_ID, FIELD_TYPE, OPERATOR, ADJUSTER, SOURCE_ID, SOURCE_TYPE_ID, I_D_MEASURE_TYPE_ID, J_D_MEASURE_TYPE_ID, EDR_TYPE_ID, EDR_SUB_TYPE_ID, D_PAYMENT_TYPE_ID, D_CALL_TYPE_ID, D_CUSTOMER_TYPE_ID, D_SERVICE_PROVIDER_ID, D_CUSTOM_01_LIST, D_CUSTOM_02_LIST, D_CUSTOM_03_LIST, D_CUSTOM_04_LIST, D_CUSTOM_05_LIST, D_CUSTOM_06_LIST, D_CUSTOM_07_LIST, D_CUSTOM_08_LIST, D_CUSTOM_09_LIST, D_CUSTOM_10_LIST, D_CUSTOM_11_LIST, D_CUSTOM_12_LIST, D_CUSTOM_13_LIST, D_CUSTOM_14_LIST, D_CUSTOM_15_LIST, D_CUSTOM_16_LIST, D_CUSTOM_17_LIST, D_CUSTOM_18_LIST, D_CUSTOM_19_LIST, D_CUSTOM_20_LIST)
values (100425, 'C', 'Sum', null, null, null, 100, null, null, null, null, null, null, null, '100072', '', '', '', '', '', '', '', '', '', '', '', '', '', '', '', '', '', '', '');

insert into um.fmo_equation (METRIC_OPERATOR_ID, FIELD_TYPE, OPERATOR, ADJUSTER, SOURCE_ID, SOURCE_TYPE_ID, I_D_MEASURE_TYPE_ID, J_D_MEASURE_TYPE_ID, EDR_TYPE_ID, EDR_SUB_TYPE_ID, D_PAYMENT_TYPE_ID, D_CALL_TYPE_ID, D_CUSTOMER_TYPE_ID, D_SERVICE_PROVIDER_ID, D_CUSTOM_01_LIST, D_CUSTOM_02_LIST, D_CUSTOM_03_LIST, D_CUSTOM_04_LIST, D_CUSTOM_05_LIST, D_CUSTOM_06_LIST, D_CUSTOM_07_LIST, D_CUSTOM_08_LIST, D_CUSTOM_09_LIST, D_CUSTOM_10_LIST, D_CUSTOM_11_LIST, D_CUSTOM_12_LIST, D_CUSTOM_13_LIST, D_CUSTOM_14_LIST, D_CUSTOM_15_LIST, D_CUSTOM_16_LIST, D_CUSTOM_17_LIST, D_CUSTOM_18_LIST, D_CUSTOM_19_LIST, D_CUSTOM_20_LIST)
values (100426, 'C', 'Sum', null, null, null, 100, null, null, null, null, null, null, null, '100073', '', '', '', '', '', '', '', '', '', '', '', '', '', '', '', '', '', '', '');

insert into um.fmo_equation (METRIC_OPERATOR_ID, FIELD_TYPE, OPERATOR, ADJUSTER, SOURCE_ID, SOURCE_TYPE_ID, I_D_MEASURE_TYPE_ID, J_D_MEASURE_TYPE_ID, EDR_TYPE_ID, EDR_SUB_TYPE_ID, D_PAYMENT_TYPE_ID, D_CALL_TYPE_ID, D_CUSTOMER_TYPE_ID, D_SERVICE_PROVIDER_ID, D_CUSTOM_01_LIST, D_CUSTOM_02_LIST, D_CUSTOM_03_LIST, D_CUSTOM_04_LIST, D_CUSTOM_05_LIST, D_CUSTOM_06_LIST, D_CUSTOM_07_LIST, D_CUSTOM_08_LIST, D_CUSTOM_09_LIST, D_CUSTOM_10_LIST, D_CUSTOM_11_LIST, D_CUSTOM_12_LIST, D_CUSTOM_13_LIST, D_CUSTOM_14_LIST, D_CUSTOM_15_LIST, D_CUSTOM_16_LIST, D_CUSTOM_17_LIST, D_CUSTOM_18_LIST, D_CUSTOM_19_LIST, D_CUSTOM_20_LIST)
values (100427, 'C', 'Sum', null, null, null, 100, null, null, null, null, null, null, null, '100075', '', '', '', '', '', '', '', '', '', '', '', '', '', '', '', '', '', '', '');

insert into um.fmo_equation (METRIC_OPERATOR_ID, FIELD_TYPE, OPERATOR, ADJUSTER, SOURCE_ID, SOURCE_TYPE_ID, I_D_MEASURE_TYPE_ID, J_D_MEASURE_TYPE_ID, EDR_TYPE_ID, EDR_SUB_TYPE_ID, D_PAYMENT_TYPE_ID, D_CALL_TYPE_ID, D_CUSTOMER_TYPE_ID, D_SERVICE_PROVIDER_ID, D_CUSTOM_01_LIST, D_CUSTOM_02_LIST, D_CUSTOM_03_LIST, D_CUSTOM_04_LIST, D_CUSTOM_05_LIST, D_CUSTOM_06_LIST, D_CUSTOM_07_LIST, D_CUSTOM_08_LIST, D_CUSTOM_09_LIST, D_CUSTOM_10_LIST, D_CUSTOM_11_LIST, D_CUSTOM_12_LIST, D_CUSTOM_13_LIST, D_CUSTOM_14_LIST, D_CUSTOM_15_LIST, D_CUSTOM_16_LIST, D_CUSTOM_17_LIST, D_CUSTOM_18_LIST, D_CUSTOM_19_LIST, D_CUSTOM_20_LIST)
values (100428, 'C', 'Sum', null, null, null, 100, null, null, null, null, null, null, null, '100074', '', '', '', '', '', '', '', '', '', '', '', '', '', '', '', '', '', '', '');

insert into um.fmo_equation (METRIC_OPERATOR_ID, FIELD_TYPE, OPERATOR, ADJUSTER, SOURCE_ID, SOURCE_TYPE_ID, I_D_MEASURE_TYPE_ID, J_D_MEASURE_TYPE_ID, EDR_TYPE_ID, EDR_SUB_TYPE_ID, D_PAYMENT_TYPE_ID, D_CALL_TYPE_ID, D_CUSTOMER_TYPE_ID, D_SERVICE_PROVIDER_ID, D_CUSTOM_01_LIST, D_CUSTOM_02_LIST, D_CUSTOM_03_LIST, D_CUSTOM_04_LIST, D_CUSTOM_05_LIST, D_CUSTOM_06_LIST, D_CUSTOM_07_LIST, D_CUSTOM_08_LIST, D_CUSTOM_09_LIST, D_CUSTOM_10_LIST, D_CUSTOM_11_LIST, D_CUSTOM_12_LIST, D_CUSTOM_13_LIST, D_CUSTOM_14_LIST, D_CUSTOM_15_LIST, D_CUSTOM_16_LIST, D_CUSTOM_17_LIST, D_CUSTOM_18_LIST, D_CUSTOM_19_LIST, D_CUSTOM_20_LIST)
values (100429, 'D', 'Sum', null, null, null, 100, null, null, null, null, null, null, null, '100072', '', '', '', '', '', '', '', '', '', '', '', '', '', '', '', '', '', '', '');

insert into um.fmo_equation (METRIC_OPERATOR_ID, FIELD_TYPE, OPERATOR, ADJUSTER, SOURCE_ID, SOURCE_TYPE_ID, I_D_MEASURE_TYPE_ID, J_D_MEASURE_TYPE_ID, EDR_TYPE_ID, EDR_SUB_TYPE_ID, D_PAYMENT_TYPE_ID, D_CALL_TYPE_ID, D_CUSTOMER_TYPE_ID, D_SERVICE_PROVIDER_ID, D_CUSTOM_01_LIST, D_CUSTOM_02_LIST, D_CUSTOM_03_LIST, D_CUSTOM_04_LIST, D_CUSTOM_05_LIST, D_CUSTOM_06_LIST, D_CUSTOM_07_LIST, D_CUSTOM_08_LIST, D_CUSTOM_09_LIST, D_CUSTOM_10_LIST, D_CUSTOM_11_LIST, D_CUSTOM_12_LIST, D_CUSTOM_13_LIST, D_CUSTOM_14_LIST, D_CUSTOM_15_LIST, D_CUSTOM_16_LIST, D_CUSTOM_17_LIST, D_CUSTOM_18_LIST, D_CUSTOM_19_LIST, D_CUSTOM_20_LIST)
values (100430, 'D', 'Sum', null, null, null, 100, null, null, null, null, null, null, null, '100073', '', '', '', '', '', '', '', '', '', '', '', '', '', '', '', '', '', '', '');

insert into um.fmo_equation (METRIC_OPERATOR_ID, FIELD_TYPE, OPERATOR, ADJUSTER, SOURCE_ID, SOURCE_TYPE_ID, I_D_MEASURE_TYPE_ID, J_D_MEASURE_TYPE_ID, EDR_TYPE_ID, EDR_SUB_TYPE_ID, D_PAYMENT_TYPE_ID, D_CALL_TYPE_ID, D_CUSTOMER_TYPE_ID, D_SERVICE_PROVIDER_ID, D_CUSTOM_01_LIST, D_CUSTOM_02_LIST, D_CUSTOM_03_LIST, D_CUSTOM_04_LIST, D_CUSTOM_05_LIST, D_CUSTOM_06_LIST, D_CUSTOM_07_LIST, D_CUSTOM_08_LIST, D_CUSTOM_09_LIST, D_CUSTOM_10_LIST, D_CUSTOM_11_LIST, D_CUSTOM_12_LIST, D_CUSTOM_13_LIST, D_CUSTOM_14_LIST, D_CUSTOM_15_LIST, D_CUSTOM_16_LIST, D_CUSTOM_17_LIST, D_CUSTOM_18_LIST, D_CUSTOM_19_LIST, D_CUSTOM_20_LIST)
values (100431, 'D', 'Sum', null, null, null, 100, null, null, null, null, null, null, null, '100075', '', '', '', '', '', '', '', '', '', '', '', '', '', '', '', '', '', '', '');

insert into um.fmo_equation (METRIC_OPERATOR_ID, FIELD_TYPE, OPERATOR, ADJUSTER, SOURCE_ID, SOURCE_TYPE_ID, I_D_MEASURE_TYPE_ID, J_D_MEASURE_TYPE_ID, EDR_TYPE_ID, EDR_SUB_TYPE_ID, D_PAYMENT_TYPE_ID, D_CALL_TYPE_ID, D_CUSTOMER_TYPE_ID, D_SERVICE_PROVIDER_ID, D_CUSTOM_01_LIST, D_CUSTOM_02_LIST, D_CUSTOM_03_LIST, D_CUSTOM_04_LIST, D_CUSTOM_05_LIST, D_CUSTOM_06_LIST, D_CUSTOM_07_LIST, D_CUSTOM_08_LIST, D_CUSTOM_09_LIST, D_CUSTOM_10_LIST, D_CUSTOM_11_LIST, D_CUSTOM_12_LIST, D_CUSTOM_13_LIST, D_CUSTOM_14_LIST, D_CUSTOM_15_LIST, D_CUSTOM_16_LIST, D_CUSTOM_17_LIST, D_CUSTOM_18_LIST, D_CUSTOM_19_LIST, D_CUSTOM_20_LIST)
values (100432, 'D', 'Sum', null, null, null, 100, null, null, null, null, null, null, null, '100074', '', '', '', '', '', '', '', '', '', '', '', '', '', '', '', '', '', '', '');

insert into um.fmo_equation (METRIC_OPERATOR_ID, FIELD_TYPE, OPERATOR, ADJUSTER, SOURCE_ID, SOURCE_TYPE_ID, I_D_MEASURE_TYPE_ID, J_D_MEASURE_TYPE_ID, EDR_TYPE_ID, EDR_SUB_TYPE_ID, D_PAYMENT_TYPE_ID, D_CALL_TYPE_ID, D_CUSTOMER_TYPE_ID, D_SERVICE_PROVIDER_ID, D_CUSTOM_01_LIST, D_CUSTOM_02_LIST, D_CUSTOM_03_LIST, D_CUSTOM_04_LIST, D_CUSTOM_05_LIST, D_CUSTOM_06_LIST, D_CUSTOM_07_LIST, D_CUSTOM_08_LIST, D_CUSTOM_09_LIST, D_CUSTOM_10_LIST, D_CUSTOM_11_LIST, D_CUSTOM_12_LIST, D_CUSTOM_13_LIST, D_CUSTOM_14_LIST, D_CUSTOM_15_LIST, D_CUSTOM_16_LIST, D_CUSTOM_17_LIST, D_CUSTOM_18_LIST, D_CUSTOM_19_LIST, D_CUSTOM_20_LIST)
values (100433, 'V', 'Sum', null, null, null, 100, null, null, null, null, null, null, null, '100072', '', '', '', '', '', '', '', '', '', '', '', '', '', '', '', '', '', '', '');

insert into um.fmo_equation (METRIC_OPERATOR_ID, FIELD_TYPE, OPERATOR, ADJUSTER, SOURCE_ID, SOURCE_TYPE_ID, I_D_MEASURE_TYPE_ID, J_D_MEASURE_TYPE_ID, EDR_TYPE_ID, EDR_SUB_TYPE_ID, D_PAYMENT_TYPE_ID, D_CALL_TYPE_ID, D_CUSTOMER_TYPE_ID, D_SERVICE_PROVIDER_ID, D_CUSTOM_01_LIST, D_CUSTOM_02_LIST, D_CUSTOM_03_LIST, D_CUSTOM_04_LIST, D_CUSTOM_05_LIST, D_CUSTOM_06_LIST, D_CUSTOM_07_LIST, D_CUSTOM_08_LIST, D_CUSTOM_09_LIST, D_CUSTOM_10_LIST, D_CUSTOM_11_LIST, D_CUSTOM_12_LIST, D_CUSTOM_13_LIST, D_CUSTOM_14_LIST, D_CUSTOM_15_LIST, D_CUSTOM_16_LIST, D_CUSTOM_17_LIST, D_CUSTOM_18_LIST, D_CUSTOM_19_LIST, D_CUSTOM_20_LIST)
values (100434, 'V', 'Sum', null, null, null, 100, null, null, null, null, null, null, null, '100073', '', '', '', '', '', '', '', '', '', '', '', '', '', '', '', '', '', '', '');

insert into um.fmo_equation (METRIC_OPERATOR_ID, FIELD_TYPE, OPERATOR, ADJUSTER, SOURCE_ID, SOURCE_TYPE_ID, I_D_MEASURE_TYPE_ID, J_D_MEASURE_TYPE_ID, EDR_TYPE_ID, EDR_SUB_TYPE_ID, D_PAYMENT_TYPE_ID, D_CALL_TYPE_ID, D_CUSTOMER_TYPE_ID, D_SERVICE_PROVIDER_ID, D_CUSTOM_01_LIST, D_CUSTOM_02_LIST, D_CUSTOM_03_LIST, D_CUSTOM_04_LIST, D_CUSTOM_05_LIST, D_CUSTOM_06_LIST, D_CUSTOM_07_LIST, D_CUSTOM_08_LIST, D_CUSTOM_09_LIST, D_CUSTOM_10_LIST, D_CUSTOM_11_LIST, D_CUSTOM_12_LIST, D_CUSTOM_13_LIST, D_CUSTOM_14_LIST, D_CUSTOM_15_LIST, D_CUSTOM_16_LIST, D_CUSTOM_17_LIST, D_CUSTOM_18_LIST, D_CUSTOM_19_LIST, D_CUSTOM_20_LIST)
values (100435, 'V', 'Sum', null, null, null, 100, null, null, null, null, null, null, null, '100075', '', '', '', '', '', '', '', '', '', '', '', '', '', '', '', '', '', '', '');

insert into um.fmo_equation (METRIC_OPERATOR_ID, FIELD_TYPE, OPERATOR, ADJUSTER, SOURCE_ID, SOURCE_TYPE_ID, I_D_MEASURE_TYPE_ID, J_D_MEASURE_TYPE_ID, EDR_TYPE_ID, EDR_SUB_TYPE_ID, D_PAYMENT_TYPE_ID, D_CALL_TYPE_ID, D_CUSTOMER_TYPE_ID, D_SERVICE_PROVIDER_ID, D_CUSTOM_01_LIST, D_CUSTOM_02_LIST, D_CUSTOM_03_LIST, D_CUSTOM_04_LIST, D_CUSTOM_05_LIST, D_CUSTOM_06_LIST, D_CUSTOM_07_LIST, D_CUSTOM_08_LIST, D_CUSTOM_09_LIST, D_CUSTOM_10_LIST, D_CUSTOM_11_LIST, D_CUSTOM_12_LIST, D_CUSTOM_13_LIST, D_CUSTOM_14_LIST, D_CUSTOM_15_LIST, D_CUSTOM_16_LIST, D_CUSTOM_17_LIST, D_CUSTOM_18_LIST, D_CUSTOM_19_LIST, D_CUSTOM_20_LIST)
values (100436, 'V', 'Sum', null, null, null, 100, null, null, null, null, null, null, null, '100074', '', '', '', '', '', '', '', '', '', '', '', '', '', '', '', '', '', '', '');

insert into um.fmo_equation (METRIC_OPERATOR_ID, FIELD_TYPE, OPERATOR, ADJUSTER, SOURCE_ID, SOURCE_TYPE_ID, I_D_MEASURE_TYPE_ID, J_D_MEASURE_TYPE_ID, EDR_TYPE_ID, EDR_SUB_TYPE_ID, D_PAYMENT_TYPE_ID, D_CALL_TYPE_ID, D_CUSTOMER_TYPE_ID, D_SERVICE_PROVIDER_ID, D_CUSTOM_01_LIST, D_CUSTOM_02_LIST, D_CUSTOM_03_LIST, D_CUSTOM_04_LIST, D_CUSTOM_05_LIST, D_CUSTOM_06_LIST, D_CUSTOM_07_LIST, D_CUSTOM_08_LIST, D_CUSTOM_09_LIST, D_CUSTOM_10_LIST, D_CUSTOM_11_LIST, D_CUSTOM_12_LIST, D_CUSTOM_13_LIST, D_CUSTOM_14_LIST, D_CUSTOM_15_LIST, D_CUSTOM_16_LIST, D_CUSTOM_17_LIST, D_CUSTOM_18_LIST, D_CUSTOM_19_LIST, D_CUSTOM_20_LIST)
values (100437, 'B', 'Sum', null, null, null, 100, null, null, null, null, null, null, null, '100072', '', '', '', '', '', '', '', '', '', '', '', '', '', '', '', '', '', '', '');

insert into um.fmo_equation (METRIC_OPERATOR_ID, FIELD_TYPE, OPERATOR, ADJUSTER, SOURCE_ID, SOURCE_TYPE_ID, I_D_MEASURE_TYPE_ID, J_D_MEASURE_TYPE_ID, EDR_TYPE_ID, EDR_SUB_TYPE_ID, D_PAYMENT_TYPE_ID, D_CALL_TYPE_ID, D_CUSTOMER_TYPE_ID, D_SERVICE_PROVIDER_ID, D_CUSTOM_01_LIST, D_CUSTOM_02_LIST, D_CUSTOM_03_LIST, D_CUSTOM_04_LIST, D_CUSTOM_05_LIST, D_CUSTOM_06_LIST, D_CUSTOM_07_LIST, D_CUSTOM_08_LIST, D_CUSTOM_09_LIST, D_CUSTOM_10_LIST, D_CUSTOM_11_LIST, D_CUSTOM_12_LIST, D_CUSTOM_13_LIST, D_CUSTOM_14_LIST, D_CUSTOM_15_LIST, D_CUSTOM_16_LIST, D_CUSTOM_17_LIST, D_CUSTOM_18_LIST, D_CUSTOM_19_LIST, D_CUSTOM_20_LIST)
values (100438, 'B', 'Sum', null, null, null, 100, null, null, null, null, null, null, null, '100073', '', '', '', '', '', '', '', '', '', '', '', '', '', '', '', '', '', '', '');

insert into um.fmo_equation (METRIC_OPERATOR_ID, FIELD_TYPE, OPERATOR, ADJUSTER, SOURCE_ID, SOURCE_TYPE_ID, I_D_MEASURE_TYPE_ID, J_D_MEASURE_TYPE_ID, EDR_TYPE_ID, EDR_SUB_TYPE_ID, D_PAYMENT_TYPE_ID, D_CALL_TYPE_ID, D_CUSTOMER_TYPE_ID, D_SERVICE_PROVIDER_ID, D_CUSTOM_01_LIST, D_CUSTOM_02_LIST, D_CUSTOM_03_LIST, D_CUSTOM_04_LIST, D_CUSTOM_05_LIST, D_CUSTOM_06_LIST, D_CUSTOM_07_LIST, D_CUSTOM_08_LIST, D_CUSTOM_09_LIST, D_CUSTOM_10_LIST, D_CUSTOM_11_LIST, D_CUSTOM_12_LIST, D_CUSTOM_13_LIST, D_CUSTOM_14_LIST, D_CUSTOM_15_LIST, D_CUSTOM_16_LIST, D_CUSTOM_17_LIST, D_CUSTOM_18_LIST, D_CUSTOM_19_LIST, D_CUSTOM_20_LIST)
values (100439, 'B', 'Sum', null, null, null, 100, null, null, null, null, null, null, null, '100075', '', '', '', '', '', '', '', '', '', '', '', '', '', '', '', '', '', '', '');

insert into um.fmo_equation (METRIC_OPERATOR_ID, FIELD_TYPE, OPERATOR, ADJUSTER, SOURCE_ID, SOURCE_TYPE_ID, I_D_MEASURE_TYPE_ID, J_D_MEASURE_TYPE_ID, EDR_TYPE_ID, EDR_SUB_TYPE_ID, D_PAYMENT_TYPE_ID, D_CALL_TYPE_ID, D_CUSTOMER_TYPE_ID, D_SERVICE_PROVIDER_ID, D_CUSTOM_01_LIST, D_CUSTOM_02_LIST, D_CUSTOM_03_LIST, D_CUSTOM_04_LIST, D_CUSTOM_05_LIST, D_CUSTOM_06_LIST, D_CUSTOM_07_LIST, D_CUSTOM_08_LIST, D_CUSTOM_09_LIST, D_CUSTOM_10_LIST, D_CUSTOM_11_LIST, D_CUSTOM_12_LIST, D_CUSTOM_13_LIST, D_CUSTOM_14_LIST, D_CUSTOM_15_LIST, D_CUSTOM_16_LIST, D_CUSTOM_17_LIST, D_CUSTOM_18_LIST, D_CUSTOM_19_LIST, D_CUSTOM_20_LIST)
values (100440, 'B', 'Sum', null, null, null, 100, null, null, null, null, null, null, null, '100074', '', '', '', '', '', '', '', '', '', '', '', '', '', '', '', '', '', '', '');


PROMPT Adding UM.MREC_DEFINITION_REF
insert into um.mrec_definition_ref (MREC_DEFINITION_ID, MREC_CATEGORY_ID, MREC_TYPE, GRAPH_ID, NAME, DESCRIPTION)
values (100054, 100013, 'T', 100001, 'MSS vs GSM (count) - ST_ONXP_VOICE_POSTPAID_HOME_MO - EDR Count', 'MSS vs GSM (count) - ST_ONXP_VOICE_POSTPAID_HOME_MO - EDR Count');

insert into um.mrec_definition_ref (MREC_DEFINITION_ID, MREC_CATEGORY_ID, MREC_TYPE, GRAPH_ID, NAME, DESCRIPTION)
values (100055, 100013, 'T', 100001, 'MSS vs GSM (duration) - ST_ONXP_VOICE_POSTPAID_HOME_MO - EDR Duration', 'MSS vs GSM (duration) - ST_ONXP_VOICE_POSTPAID_HOME_MO - EDR Duration');

insert into um.mrec_definition_ref (MREC_DEFINITION_ID, MREC_CATEGORY_ID, MREC_TYPE, GRAPH_ID, NAME, DESCRIPTION)
values (100056, 100013, 'T', 100001, 'GSM vs ICCS Unbilled (count) - ST_ONXP_VOICE_POSTPAID_HOME_MO - EDR Count', 'GSM vs ICCS Unbilled (count) - ST_ONXP_VOICE_POSTPAID_HOME_MO - EDR Count');

insert into um.mrec_definition_ref (MREC_DEFINITION_ID, MREC_CATEGORY_ID, MREC_TYPE, GRAPH_ID, NAME, DESCRIPTION)
values (100057, 100013, 'T', 100001, 'GSM vs ICCS Unbilled (duration) - ST_ONXP_VOICE_POSTPAID_HOME_MO - EDR Duration', 'GSM vs ICCS Unbilled (duration) - ST_ONXP_VOICE_POSTPAID_HOME_MO - EDR Duration');

insert into um.mrec_definition_ref (MREC_DEFINITION_ID, MREC_CATEGORY_ID, MREC_TYPE, GRAPH_ID, NAME, DESCRIPTION)
values (100058, 100013, 'T', 100001, 'GSM vs ICCS Unbilled (count) - ST_ONXP_VOICE_POSTPAID_HOME_CALL_FWD - EDR Count', 'GSM vs ICCS Unbilled (count) - ST_ONXP_VOICE_POSTPAID_HOME_CALL_FWD - EDR Count');

insert into um.mrec_definition_ref (MREC_DEFINITION_ID, MREC_CATEGORY_ID, MREC_TYPE, GRAPH_ID, NAME, DESCRIPTION)
values (100059, 100013, 'T', 100001, 'GSM vs ICCS Unbilled (duration) - ST_ONXP_VOICE_POSTPAID_HOME_CALL_FWD - EDR Duration', 'GSM vs ICCS Unbilled (duration) - ST_ONXP_VOICE_POSTPAID_HOME_CALL_FWD - EDR Duration');


PROMPT Adding UM.MREC_VERSION_REF
insert into um.mrec_version_ref (MREC_VERSION_ID, MREC_DEFINITION_ID, PARENT_VERSION_ID, THRESHOLD_DEFINITION_ID, THRESHOLD_SEQUENCE_ID, FORECAST_MREC_ID, DESCRIPTION, PARAMETERS, VALID_FROM, VALID_TO, STATUS)
values (100054, 100054, null, null, 100000, null, 'MSS vs GSM (count) - ST_ONXP_VOICE_POSTPAID_HOME_MO - EDR Count', '', to_date('01-01-2011', 'dd-mm-yyyy'), to_date('01-01-2021', 'dd-mm-yyyy'), 'A');

insert into um.mrec_version_ref (MREC_VERSION_ID, MREC_DEFINITION_ID, PARENT_VERSION_ID, THRESHOLD_DEFINITION_ID, THRESHOLD_SEQUENCE_ID, FORECAST_MREC_ID, DESCRIPTION, PARAMETERS, VALID_FROM, VALID_TO, STATUS)
values (100055, 100055, null, null, 100000, null, 'MSS vs GSM (duration) - ST_ONXP_VOICE_POSTPAID_HOME_MO - EDR Duration', '', to_date('01-01-2011', 'dd-mm-yyyy'), to_date('01-01-2021', 'dd-mm-yyyy'), 'A');

insert into um.mrec_version_ref (MREC_VERSION_ID, MREC_DEFINITION_ID, PARENT_VERSION_ID, THRESHOLD_DEFINITION_ID, THRESHOLD_SEQUENCE_ID, FORECAST_MREC_ID, DESCRIPTION, PARAMETERS, VALID_FROM, VALID_TO, STATUS)
values (100056, 100056, null, null, 100000, null, 'GSM vs ICCS Unbilled (count) - ST_ONXP_VOICE_POSTPAID_HOME_MO - EDR Count', '', to_date('01-01-2011', 'dd-mm-yyyy'), to_date('01-01-2021', 'dd-mm-yyyy'), 'A');

insert into um.mrec_version_ref (MREC_VERSION_ID, MREC_DEFINITION_ID, PARENT_VERSION_ID, THRESHOLD_DEFINITION_ID, THRESHOLD_SEQUENCE_ID, FORECAST_MREC_ID, DESCRIPTION, PARAMETERS, VALID_FROM, VALID_TO, STATUS)
values (100057, 100057, null, null, 100000, null, 'GSM vs ICCS Unbilled (duration) - ST_ONXP_VOICE_POSTPAID_HOME_MO - EDR Duration', '', to_date('01-01-2011', 'dd-mm-yyyy'), to_date('01-01-2021', 'dd-mm-yyyy'), 'A');

insert into um.mrec_version_ref (MREC_VERSION_ID, MREC_DEFINITION_ID, PARENT_VERSION_ID, THRESHOLD_DEFINITION_ID, THRESHOLD_SEQUENCE_ID, FORECAST_MREC_ID, DESCRIPTION, PARAMETERS, VALID_FROM, VALID_TO, STATUS)
values (100058, 100058, null, null, 100000, null, 'GSM vs ICCS Unbilled (count) - ST_ONXP_VOICE_POSTPAID_HOME_CALL_FWD - EDR Count', '', to_date('01-01-2011', 'dd-mm-yyyy'), to_date('01-01-2021', 'dd-mm-yyyy'), 'A');

insert into um.mrec_version_ref (MREC_VERSION_ID, MREC_DEFINITION_ID, PARENT_VERSION_ID, THRESHOLD_DEFINITION_ID, THRESHOLD_SEQUENCE_ID, FORECAST_MREC_ID, DESCRIPTION, PARAMETERS, VALID_FROM, VALID_TO, STATUS)
values (100059, 100059, null, null, 100000, null, 'GSM vs ICCS Unbilled (duration) - ST_ONXP_VOICE_POSTPAID_HOME_CALL_FWD - EDR Duration', '', to_date('01-01-2011', 'dd-mm-yyyy'), to_date('01-01-2021', 'dd-mm-yyyy'), 'A');

PROMPT Adding UM.MREC_METRIC_REF
insert into um.mrec_metric_ref (MREC_VERSION_ID, METRIC_DEFINITION_ID, NODE_ID, MREC_SET)
values (100054, 100428, 100102, 1);

insert into um.mrec_metric_ref (MREC_VERSION_ID, METRIC_DEFINITION_ID, NODE_ID, MREC_SET)
values (100054, 100428, 100142, -1);

insert into um.mrec_metric_ref (MREC_VERSION_ID, METRIC_DEFINITION_ID, NODE_ID, MREC_SET)
values (100055, 100432, 100102, 1);

insert into um.mrec_metric_ref (MREC_VERSION_ID, METRIC_DEFINITION_ID, NODE_ID, MREC_SET)
values (100055, 100432, 100142, -1);

insert into um.mrec_metric_ref (MREC_VERSION_ID, METRIC_DEFINITION_ID, NODE_ID, MREC_SET)
values (100056, 100428, 100120, -1);

insert into um.mrec_metric_ref (MREC_VERSION_ID, METRIC_DEFINITION_ID, NODE_ID, MREC_SET)
values (100056, 100428, 100142, 1);

insert into um.mrec_metric_ref (MREC_VERSION_ID, METRIC_DEFINITION_ID, NODE_ID, MREC_SET)
values (100057, 100432, 100120, -1);

insert into um.mrec_metric_ref (MREC_VERSION_ID, METRIC_DEFINITION_ID, NODE_ID, MREC_SET)
values (100057, 100432, 100142, 1);

insert into um.mrec_metric_ref (MREC_VERSION_ID, METRIC_DEFINITION_ID, NODE_ID, MREC_SET)
values (100058, 100427, 100120, -1);

insert into um.mrec_metric_ref (MREC_VERSION_ID, METRIC_DEFINITION_ID, NODE_ID, MREC_SET)
values (100058, 100427, 100142, 1);

insert into um.mrec_metric_ref (MREC_VERSION_ID, METRIC_DEFINITION_ID, NODE_ID, MREC_SET)
values (100059, 100431, 100120, -1);

insert into um.mrec_metric_ref (MREC_VERSION_ID, METRIC_DEFINITION_ID, NODE_ID, MREC_SET)
values (100059, 100431, 100142, 1);

exit;