100100,100000,100002,,,,100000,Y,Y
100100,100006,100002,,,,100000,Y,Y
100100,100102,100002,,,,100000,Y,Y
100100,100110,100002,,,,100000,Y,Y
100100,100417,100002,,,,100000,Y,Y
100100,100418,100002,,,,100000,Y,Y
100100,100419,100002,,,,100000,Y,Y
100100,100422,100002,,,,100000,Y,Y
100100,100423,100002,,,,100000,Y,Y
100100,100424,100002,,,,100000,Y,Y
100101,100000,100002,,,,100000,Y,Y
100101,100006,100002,,,,100000,Y,Y
100101,100223,100002,,,,100000,Y,Y
100102,100000,100002,,,,100000,Y,Y
100102,100001,100002,,,,100000,Y,Y
100102,100002,100002,,,,100000,Y,Y
100102,100003,100002,,,,100000,Y,Y
100102,100006,100002,,,,100000,Y,Y
100102,100011,100002,,,,100000,Y,Y
100102,100017,100002,,,,100000,Y,Y
100102,100027,100002,,,,100000,Y,Y
100102,100029,100002,,,,100000,Y,Y
100102,100030,100002,,,,100000,Y,Y
100102,100031,100002,,,,100000,Y,Y
100102,100032,100002,,,,100000,Y,Y
100102,100034,100002,,,,100000,Y,Y
100102,100035,100002,,,,100000,Y,Y
100102,100036,100002,,,,100000,Y,Y
100102,100037,100002,,,,100000,Y,Y
100102,100038,100002,,,,100000,Y,Y
100102,100039,100002,,,,100000,Y,Y
100102,100065,100002,,,,100000,Y,Y
100102,100070,100002,,,,100000,Y,Y
100102,100071,100002,,,,100000,Y,Y
100102,100072,100002,,,,100000,Y,Y
100102,100073,100002,,,,100000,Y,Y
100102,100074,100002,,,,100000,Y,Y
100102,100075,100002,,,,100000,Y,Y
100102,100076,100002,,,,100000,Y,Y
100102,100077,100002,,,,100000,Y,Y
100102,100078,100002,,,,100000,Y,Y
100102,100079,100002,,,,100000,Y,Y
100102,100081,100002,,,,100000,Y,Y
100102,100082,100002,,,,100000,Y,Y
100102,100083,100002,,,,100000,Y,Y
100102,100084,100002,,,,100000,Y,Y
100102,100087,100002,,,,100000,Y,Y
100102,100092,100002,,,,100000,Y,Y
100102,100093,100002,,,,100000,Y,Y
100102,100094,100002,,,,100000,Y,Y
100102,100095,100002,,,,100000,Y,Y
100102,100096,100002,,,,100000,Y,Y
100102,100097,100002,,,,100000,Y,Y
100102,100098,100002,,,,100000,Y,Y
100102,100099,100002,,,,100000,Y,Y
100102,100100,100002,,,,100000,Y,Y
100102,100101,100002,,,,100000,Y,Y
100102,100102,100002,,,,100000,Y,Y
100102,100103,100002,,,,100000,Y,Y
100102,100104,100002,,,,100000,Y,Y
100102,100105,100002,,,,100000,Y,Y
100102,100106,100002,,,,100000,Y,Y
100102,100107,100002,,,,100000,Y,Y
100102,100108,100002,,,,100000,Y,Y
100102,100109,100002,,,,100000,Y,Y
100102,100110,100002,,,,100000,Y,Y
100102,100111,100002,,,,100000,Y,Y
100102,100112,100002,,,,100000,Y,Y
100102,100113,100002,,,,100000,Y,Y
100102,100114,100002,,,,100000,Y,Y
100102,100115,100002,,,,100000,Y,Y
100102,100116,100002,,,,100000,Y,Y
100102,100117,100002,,,,100000,Y,Y
100102,100118,100002,,,,100000,Y,Y
100102,100119,100002,,,,100000,Y,Y
100102,100120,100002,,,,100000,Y,Y
100102,100121,100002,,,,100000,Y,Y
100102,100122,100002,,,,100000,Y,Y
100102,100123,100002,,,,100000,Y,Y
100103,100000,100002,,,,100000,Y,Y
100103,100006,100002,,,,100000,Y,Y
100103,100102,100002,,,,100000,Y,Y
100103,100110,100002,,,,100000,Y,Y
100103,100199,100002,,,,100000,Y,Y
100103,100202,100002,,,,100000,Y,Y
100103,100206,100002,,,,100000,Y,Y
100103,100210,100002,,,,100000,Y,Y
100105,100000,100002,,,,100000,Y,Y
100105,100006,100002,,,,100000,Y,Y
100105,100017,100002,,,,100000,Y,Y
100105,100025,100002,,,,100000,Y,Y
100105,100027,100002,,,,100000,Y,Y
100105,100029,100002,,,,100000,Y,Y
100105,100030,100002,,,,100000,Y,Y
100105,100031,100002,,,,100000,Y,Y
100105,100032,100002,,,,100000,Y,Y
100105,100033,100002,,,,100000,Y,Y
100105,100034,100002,,,,100000,Y,Y
100105,100035,100002,,,,100000,Y,Y
100105,100036,100002,,,,100000,Y,Y
100105,100037,100002,,,,100000,Y,Y
100105,100038,100002,,,,100000,Y,Y
100105,100039,100002,,,,100000,Y,Y
100106,100000,100002,,,,100000,Y,Y
100106,100001,100002,,,,100000,Y,Y
100106,100002,100002,,,,100000,Y,Y
100106,100003,100002,,,,100000,Y,Y
100106,100004,100002,,,,100000,Y,Y
100106,100005,100002,,,,100000,Y,Y
100106,100006,100002,,,,100000,Y,Y
100106,100011,100002,,,,100000,Y,Y
100107,100000,100002,,,,100000,Y,Y
100107,100006,100002,,,,100000,Y,Y
100107,100025,100002,,,,100000,Y,Y
100107,100042,100002,,,,100000,Y,Y
100107,100179,100002,,,,100000,Y,Y
100107,100181,100002,,,,100000,Y,Y
100107,100182,100002,,,,100000,Y,Y
100107,100183,100002,,,,100000,Y,Y
100107,100212,100002,,,,100000,Y,Y
100107,100213,100002,,,,100000,Y,Y
100107,100215,100002,,,,100000,Y,Y
100107,100216,100002,,,,100000,Y,Y
100107,100264,100002,,,,100000,Y,Y
100107,100271,100002,,,,100000,Y,Y
100107,100272,100002,,,,100000,Y,Y
100107,100274,100002,,,,100000,Y,Y
100108,100000,100002,,,,100000,Y,Y
100108,100006,100002,,,,100000,Y,Y
100108,100222,100002,,,,100000,Y,Y
100108,100223,100002,,,,100000,Y,Y
100110,100000,100002,,,,100000,Y,Y
100110,100004,100002,,,,100000,Y,Y
100110,100006,100002,,,,100000,Y,Y
100110,100025,100002,,,,100000,Y,Y
100110,100029,100002,,,,100000,Y,Y
100110,100032,100002,,,,100000,Y,Y
100110,100033,100002,,,,100000,Y,Y
100110,100036,100002,,,,100000,Y,Y
100110,100037,100002,,,,100000,Y,Y
100110,100042,100002,,,,100000,Y,Y
100110,100044,100002,,,,100000,Y,Y
100110,100047,100002,,,,100000,Y,Y
100110,100048,100002,,,,100000,Y,Y
100110,100051,100002,,,,100000,Y,Y
100110,100052,100002,,,,100000,Y,Y
100110,100053,100002,,,,100000,Y,Y
100110,100056,100002,,,,100000,Y,Y
100110,100057,100002,,,,100000,Y,Y
100120,100000,100002,,,,100000,Y,Y
100120,100001,100002,,,,100000,Y,Y
100120,100002,100002,,,,100000,Y,Y
100120,100003,100002,,,,100000,Y,Y
100120,100004,100002,,,,100000,Y,Y
100120,100005,100002,,,,100000,Y,Y
100120,100006,100002,,,,100000,Y,Y
100120,100011,100002,,,,100000,Y,Y
100120,100012,100002,,,,100000,Y,Y
100120,100013,100002,,,,100000,Y,Y
100120,100014,100002,,,,100000,Y,Y
100120,100015,100002,,,,100000,Y,Y
100120,100016,100002,,,,100000,Y,Y
100120,100019,100002,,,,100000,Y,Y
100120,100021,100002,,,,100000,Y,Y
100120,100022,100002,,,,100000,Y,Y
100120,100025,100002,,,,100000,Y,Y
100120,100029,100002,,,,100000,Y,Y
100120,100032,100002,,,,100000,Y,Y
100120,100033,100002,,,,100000,Y,Y
100120,100036,100002,,,,100000,Y,Y
100120,100037,100002,,,,100000,Y,Y
100120,100042,100002,,,,100000,Y,Y
100120,100047,100002,,,,100000,Y,Y
100120,100048,100002,,,,100000,Y,Y
100120,100051,100002,,,,100000,Y,Y
100120,100052,100002,,,,100000,Y,Y
100120,100056,100002,,,,100000,Y,Y
100120,100057,100002,,,,100000,Y,Y
100120,100072,100002,,,,100000,Y,Y
100120,100073,100002,,,,100000,Y,Y
100120,100074,100002,,,,100000,Y,Y
100120,100075,100002,,,,100000,Y,Y
100120,100081,100002,,,,100000,Y,Y
100120,100082,100002,,,,100000,Y,Y
100120,100083,100002,,,,100000,Y,Y
100120,100084,100002,,,,100000,Y,Y
100120,100094,100002,,,,100000,Y,Y
100120,100095,100002,,,,100000,Y,Y
100120,100096,100002,,,,100000,Y,Y
100120,100097,100002,,,,100000,Y,Y
100120,100102,100002,,,,100000,Y,Y
100120,100103,100002,,,,100000,Y,Y
100120,100104,100002,,,,100000,Y,Y
100120,100105,100002,,,,100000,Y,Y
100120,100106,100002,,,,100000,Y,Y
100120,100110,100002,,,,100000,Y,Y
100120,100111,100002,,,,100000,Y,Y
100120,100116,100002,,,,100000,Y,Y
100120,100117,100002,,,,100000,Y,Y
100120,100118,100002,,,,100000,Y,Y
100120,100119,100002,,,,100000,Y,Y
100120,100179,100002,,,,100000,Y,Y
100120,100181,100002,,,,100000,Y,Y
100120,100182,100002,,,,100000,Y,Y
100120,100183,100002,,,,100000,Y,Y
100120,100199,100002,,,,100000,Y,Y
100120,100202,100002,,,,100000,Y,Y
100120,100222,100002,,,,100000,Y,Y
100120,100264,100002,,,,100000,Y,Y
100120,100271,100002,,,,100000,Y,Y
100120,100272,100002,,,,100000,Y,Y
100120,100274,100002,,,,100000,Y,Y
100120,100323,100002,,,,100000,Y,Y
100120,100325,100002,,,,100000,Y,Y
100120,100327,100002,,,,100000,Y,Y
100120,100328,100002,,,,100000,Y,Y
100120,100333,100002,,,,100000,Y,Y
100120,100334,100002,,,,100000,Y,Y
100120,100335,100002,,,,100000,Y,Y
100120,100336,100002,,,,100000,Y,Y
100120,100337,100002,,,,100000,Y,Y
100120,100339,100002,,,,100000,Y,Y
100120,100340,100002,,,,100000,Y,Y
100120,100341,100002,,,,100000,Y,Y
100120,100342,100002,,,,100000,Y,Y
100120,100352,100002,,,,100000,Y,Y
100120,100357,100002,,,,100000,Y,Y
100120,100358,100002,,,,100000,Y,Y
100120,100359,100002,,,,100000,Y,Y
100120,100360,100002,,,,100000,Y,Y
100120,100361,100002,,,,100000,Y,Y
100120,100362,100002,,,,100000,Y,Y
100120,100363,100002,,,,100000,Y,Y
100120,100364,100002,,,,100000,Y,Y
100120,100365,100002,,,,100000,Y,Y
100120,100366,100002,,,,100000,Y,Y
100120,100367,100002,,,,100000,Y,Y
100120,100368,100002,,,,100000,Y,Y
100120,100369,100002,,,,100000,Y,Y
100120,100370,100002,,,,100000,Y,Y
100120,100371,100002,,,,100000,Y,Y
100120,100373,100002,,,,100000,Y,Y
100120,100374,100002,,,,100000,Y,Y
100120,100375,100002,,,,100000,Y,Y
100120,100376,100002,,,,100000,Y,Y
100120,100377,100002,,,,100000,Y,Y
100120,100378,100002,,,,100000,Y,Y
100120,100379,100002,,,,100000,Y,Y
100120,100382,100002,,,,100000,Y,Y
100120,100383,100002,,,,100000,Y,Y
100120,100384,100002,,,,100000,Y,Y
100120,100385,100002,,,,100000,Y,Y
100120,100386,100002,,,,100000,Y,Y
100120,100391,100002,,,,100000,Y,Y
100120,100392,100002,,,,100000,Y,Y
100120,100393,100002,,,,100000,Y,Y
100120,100394,100002,,,,100000,Y,Y
100120,100395,100002,,,,100000,Y,Y
100120,100396,100002,,,,100000,Y,Y
100120,100397,100002,,,,100000,Y,Y
100120,100398,100002,,,,100000,Y,Y
100120,100399,100002,,,,100000,Y,Y
100120,100400,100002,,,,100000,Y,Y
100120,100403,100002,,,,100000,Y,Y
100120,100404,100002,,,,100000,Y,Y
100121,100000,100002,,,,100000,Y,Y
100121,100006,100002,,,,100000,Y,Y
100121,100032,100002,,,,100000,Y,Y
100121,100036,100002,,,,100000,Y,Y
100121,100070,100002,,,,100000,Y,Y
100121,100071,100002,,,,100000,Y,Y
100121,100092,100002,,,,100000,Y,Y
100121,100093,100002,,,,100000,Y,Y
100121,100102,100002,,,,100000,Y,Y
100121,100110,100002,,,,100000,Y,Y
100121,100114,100002,,,,100000,Y,Y
100121,100115,100002,,,,100000,Y,Y
100122,100000,100002,,,,100000,Y,Y
100122,100006,100002,,,,100000,Y,Y
100122,100102,100002,,,,100000,Y,Y
100122,100110,100002,,,,100000,Y,Y
100122,100199,100002,,,,100000,Y,Y
100122,100202,100002,,,,100000,Y,Y
100123,100000,100002,,,,100000,Y,Y
100123,100006,100002,,,,100000,Y,Y
100123,100032,100002,,,,100000,Y,Y
100123,100036,100002,,,,100000,Y,Y
100123,100047,100002,,,,100000,Y,Y
100123,100048,100002,,,,100000,Y,Y
100123,100056,100002,,,,100000,Y,Y
100123,100057,100002,,,,100000,Y,Y
100123,100070,100002,,,,100000,Y,Y
100123,100071,100002,,,,100000,Y,Y
100123,100092,100002,,,,100000,Y,Y
100123,100093,100002,,,,100000,Y,Y
100124,100000,100002,,,,100000,Y,Y
100124,100001,100002,,,,100000,Y,Y
100124,100002,100002,,,,100000,Y,Y
100124,100003,100002,,,,100000,Y,Y
100124,100004,100002,,,,100000,Y,Y
100124,100005,100002,,,,100000,Y,Y
100124,100006,100002,,,,100000,Y,Y
100124,100011,100002,,,,100000,Y,Y
100124,100012,100002,,,,100000,Y,Y
100124,100013,100002,,,,100000,Y,Y
100124,100014,100002,,,,100000,Y,Y
100124,100015,100002,,,,100000,Y,Y
100124,100016,100002,,,,100000,Y,Y
100124,100017,100002,,,,100000,Y,Y
100124,100019,100002,,,,100000,Y,Y
100124,100021,100002,,,,100000,Y,Y
100124,100022,100002,,,,100000,Y,Y
100140,100000,100002,,,,100000,Y,Y
100140,100006,100002,,,,100000,Y,Y
100140,100240,100002,,,,100000,Y,Y
100140,100241,100002,,,,100000,Y,Y
100140,100242,100002,,,,100000,Y,Y
100140,100243,100002,,,,100000,Y,Y
100140,100244,100002,,,,100000,Y,Y
100140,100245,100002,,,,100000,Y,Y
100140,100246,100002,,,,100000,Y,Y
100140,100247,100002,,,,100000,Y,Y
100140,100248,100002,,,,100000,Y,Y
100141,100000,100002,,,,100000,Y,Y
100141,100006,100002,,,,100000,Y,Y
100141,100025,100002,,,,100000,Y,Y
100141,100181,100002,,,,100000,Y,Y
100141,100183,100002,,,,100000,Y,Y
100141,100264,100002,,,,100000,Y,Y
100141,100271,100002,,,,100000,Y,Y
100141,100272,100002,,,,100000,Y,Y
100142,100000,100002,,,,100000,Y,Y
100142,100006,100002,,,,100000,Y,Y
100142,100029,100002,,,,100000,Y,Y
100142,100032,100002,,,,100000,Y,Y
100142,100036,100002,,,,100000,Y,Y
100142,100037,100002,,,,100000,Y,Y
100142,100072,100002,,,,100000,Y,Y
100142,100073,100002,,,,100000,Y,Y
100142,100074,100002,,,,100000,Y,Y
100142,100075,100002,,,,100000,Y,Y
100142,100094,100002,,,,100000,Y,Y
100142,100095,100002,,,,100000,Y,Y
100142,100096,100002,,,,100000,Y,Y
100142,100097,100002,,,,100000,Y,Y
100143,100000,100002,,,,100000,Y,Y
100143,100001,100002,,,,100000,Y,Y
100143,100002,100002,,,,100000,Y,Y
100143,100003,100002,,,,100000,Y,Y
100143,100004,100002,,,,100000,Y,Y
100143,100005,100002,,,,100000,Y,Y
100143,100006,100002,,,,100000,Y,Y
100144,100000,100002,,,,100000,Y,Y
100144,100006,100002,,,,100000,Y,Y
100144,100179,100002,,,,100000,Y,Y
100144,100181,100002,,,,100000,Y,Y
100144,100182,100002,,,,100000,Y,Y
100144,100183,100002,,,,100000,Y,Y
100145,100000,100002,,,,100000,Y,Y
100145,100001,100002,,,,100000,Y,Y
100145,100002,100002,,,,100000,Y,Y
100145,100003,100002,,,,100000,Y,Y
100145,100006,100002,,,,100000,Y,Y
100145,100011,100002,,,,100000,Y,Y
100145,100029,100002,,,,100000,Y,Y
100145,100032,100002,,,,100000,Y,Y
100145,100036,100002,,,,100000,Y,Y
100145,100037,100002,,,,100000,Y,Y
100145,100065,100002,,,,100000,Y,Y
100145,100070,100002,,,,100000,Y,Y
100145,100071,100002,,,,100000,Y,Y
100145,100072,100002,,,,100000,Y,Y
100145,100073,100002,,,,100000,Y,Y
100145,100074,100002,,,,100000,Y,Y
100145,100075,100002,,,,100000,Y,Y
100145,100076,100002,,,,100000,Y,Y
100145,100077,100002,,,,100000,Y,Y
100145,100078,100002,,,,100000,Y,Y
100145,100079,100002,,,,100000,Y,Y
100145,100081,100002,,,,100000,Y,Y
100145,100082,100002,,,,100000,Y,Y
100145,100083,100002,,,,100000,Y,Y
100145,100084,100002,,,,100000,Y,Y
100145,100087,100002,,,,100000,Y,Y
100145,100092,100002,,,,100000,Y,Y
100145,100093,100002,,,,100000,Y,Y
100145,100094,100002,,,,100000,Y,Y
100145,100095,100002,,,,100000,Y,Y
100145,100096,100002,,,,100000,Y,Y
100145,100097,100002,,,,100000,Y,Y
100145,100098,100002,,,,100000,Y,Y
100145,100099,100002,,,,100000,Y,Y
100145,100100,100002,,,,100000,Y,Y
100145,100101,100002,,,,100000,Y,Y
100145,100102,100002,,,,100000,Y,Y
100145,100103,100002,,,,100000,Y,Y
100145,100104,100002,,,,100000,Y,Y
100145,100105,100002,,,,100000,Y,Y
100145,100106,100002,,,,100000,Y,Y
100145,100109,100002,,,,100000,Y,Y
100145,100110,100002,,,,100000,Y,Y
100145,100111,100002,,,,100000,Y,Y
100145,100114,100002,,,,100000,Y,Y
100145,100115,100002,,,,100000,Y,Y
100145,100116,100002,,,,100000,Y,Y
100145,100117,100002,,,,100000,Y,Y
100145,100118,100002,,,,100000,Y,Y
100145,100119,100002,,,,100000,Y,Y
100145,100120,100002,,,,100000,Y,Y
100145,100121,100002,,,,100000,Y,Y
100145,100122,100002,,,,100000,Y,Y
100145,100123,100002,,,,100000,Y,Y
100146,100000,100002,,,,100000,Y,Y
100146,100006,100002,,,,100000,Y,Y
100146,100181,100002,,,,100000,Y,Y
100146,100183,100002,,,,100000,Y,Y
100146,100222,100002,,,,100000,Y,Y
100146,100357,100002,,,,100000,Y,Y
100147,100006,100002,,,,100000,Y,Y
100147,100183,100002,,,,100000,Y,Y
100147,100212,100002,,,,100000,Y,Y
100147,100213,100002,,,,100000,Y,Y
100147,100215,100002,,,,100000,Y,Y
100147,100216,100002,,,,100000,Y,Y
100120,100436,100002,,,,100000,Y,Y
100145,100436,100002,,,,100000,Y,Y
100102,100436,100002,,,,100000,Y,Y
100120,100437,100002,,,,100000,Y,Y
100120,100438,100002,,,,100000,Y,Y
100120,100439,100002,,,,100000,Y,Y
100120,100440,100002,,,,100000,Y,Y
100120,100425,100002,,,,100000,Y,Y
100142,100425,100002,,,,100000,Y,Y
100102,100425,100002,,,,100000,Y,Y
100145,100425,100002,,,,100000,Y,Y
100120,100426,100002,,,,100000,Y,Y
100145,100426,100002,,,,100000,Y,Y
100142,100426,100002,,,,100000,Y,Y
100102,100426,100002,,,,100000,Y,Y
100142,100427,100002,,,,100000,Y,Y
100120,100427,100002,,,,100000,Y,Y
100102,100427,100002,,,,100000,Y,Y
100145,100427,100002,,,,100000,Y,Y
100120,100428,100002,,,,100000,Y,Y
100102,100428,100002,,,,100000,Y,Y
100145,100428,100002,,,,100000,Y,Y
100142,100428,100002,,,,100000,Y,Y
100120,100429,100002,,,,100000,Y,Y
100142,100429,100002,,,,100000,Y,Y
100102,100429,100002,,,,100000,Y,Y
100145,100429,100002,,,,100000,Y,Y
100120,100430,100002,,,,100000,Y,Y
100145,100430,100002,,,,100000,Y,Y
100142,100430,100002,,,,100000,Y,Y
100102,100430,100002,,,,100000,Y,Y
100142,100431,100002,,,,100000,Y,Y
100120,100431,100002,,,,100000,Y,Y
100102,100431,100002,,,,100000,Y,Y
100145,100431,100002,,,,100000,Y,Y
100120,100432,100002,,,,100000,Y,Y
100102,100432,100002,,,,100000,Y,Y
100145,100432,100002,,,,100000,Y,Y
100142,100432,100002,,,,100000,Y,Y
100102,100433,100002,,,,100000,Y,Y
100120,100433,100002,,,,100000,Y,Y
100145,100433,100002,,,,100000,Y,Y
100120,100434,100002,,,,100000,Y,Y
100102,100434,100002,,,,100000,Y,Y
100145,100434,100002,,,,100000,Y,Y
100120,100435,100002,,,,100000,Y,Y
100102,100435,100002,,,,100000,Y,Y
100145,100435,100002,,,,100000,Y,Y
100120,100442,,,,,100000,Y,Y
100107,100442,,,,,100000,Y,Y
100150,100442,,,,,100000,Y,Y
100152,100442,,,,,100000,Y,Y
100120,100441,,,,,100000,Y,Y
100107,100441,,,,,100000,Y,Y
100150,100441,,,,,100000,Y,Y
100152,100441,,,,,100000,Y,Y
100120,100443,,,,,100000,Y,Y
100107,100443,,,,,100000,Y,Y
100150,100443,,,,,100000,Y,Y
100152,100443,,,,,100000,Y,Y
100120,100444,,,,,100000,Y,Y
100120,100458,,,,,100000,Y,Y
100141,100458,,,,,100000,Y,Y
100107,100458,,,,,100000,Y,Y
100120,100457,,,,,100000,Y,Y
100141,100457,,,,,100000,Y,Y
100107,100457,,,,,100000,Y,Y
100120,100459,,,,,100000,Y,Y
100141,100459,,,,,100000,Y,Y
100107,100459,,,,,100000,Y,Y
100120,100460,,,,,100000,Y,Y
100107,100454,,,,,100000,Y,Y
100107,100453,,,,,100000,Y,Y
100107,100455,,,,,100000,Y,Y
100120,100446,,,,,100000,Y,Y
100107,100446,,,,,100000,Y,Y
100150,100446,,,,,100000,Y,Y
100152,100446,,,,,100000,Y,Y
100120,100445,,,,,100000,Y,Y
100107,100445,,,,,100000,Y,Y
100150,100445,,,,,100000,Y,Y
100152,100445,,,,,100000,Y,Y
100120,100447,,,,,100000,Y,Y
100107,100447,,,,,100000,Y,Y
100150,100447,,,,,100000,Y,Y
100152,100447,,,,,100000,Y,Y
100120,100448,,,,,100000,Y,Y
100120,100466,,,,,100000,Y,Y
100141,100466,,,,,100000,Y,Y
100107,100466,,,,,100000,Y,Y
100120,100465,,,,,100000,Y,Y
100141,100465,,,,,100000,Y,Y
100107,100465,,,,,100000,Y,Y
100120,100467,,,,,100000,Y,Y
100141,100467,,,,,100000,Y,Y
100107,100467,,,,,100000,Y,Y
100120,100468,,,,,100000,Y,Y
100107,100462,,,,,100000,Y,Y
100107,100461,,,,,100000,Y,Y
100107,100463,,,,,100000,Y,Y
100120,100450,,,,,100000,Y,Y
100107,100450,,,,,100000,Y,Y
100150,100450,,,,,100000,Y,Y
100151,100450,,,,,100000,Y,Y
100120,100449,,,,,100000,Y,Y
100107,100449,,,,,100000,Y,Y
100150,100449,,,,,100000,Y,Y
100151,100449,,,,,100000,Y,Y
100120,100451,,,,,100000,Y,Y
100107,100451,,,,,100000,Y,Y
100150,100451,,,,,100000,Y,Y
100151,100451,,,,,100000,Y,Y
100120,100452,,,,,100000,Y,Y
100120,100474,,,,,100000,Y,Y
100141,100474,,,,,100000,Y,Y
100107,100474,,,,,100000,Y,Y
100120,100473,,,,,100000,Y,Y
100141,100473,,,,,100000,Y,Y
100107,100473,,,,,100000,Y,Y
100120,100475,,,,,100000,Y,Y
100141,100475,,,,,100000,Y,Y
100107,100475,,,,,100000,Y,Y
100120,100476,,,,,100000,Y,Y
100107,100470,,,,,100000,Y,Y
100107,100469,,,,,100000,Y,Y
100107,100471,,,,,100000,Y,Y
100150,100271,,,,,100000,Y,Y
100151,100271,,,,,100000,Y,Y
100152,100271,,,,,100000,Y,Y
100150,100025,,,,,100000,Y,Y
100151,100025,,,,,100000,Y,Y
100152,100025,,,,,100000,Y,Y
100150,100033,,,,,100000,Y,Y
100151,100033,,,,,100000,Y,Y
100152,100033,,,,,100000,Y,Y
100150,100274,,,,,100000,Y,Y
100151,100274,,,,,100000,Y,Y
100152,100274,,,,,100000,Y,Y
100150,100042,,,,,100000,Y,Y
100151,100042,,,,,100000,Y,Y
100152,100042,,,,,100000,Y,Y
100150,100051,,,,,100000,Y,Y
100151,100051,,,,,100000,Y,Y
100152,100051,,,,,100000,Y,Y
100150,100181,,,,,100000,Y,Y
100150,100000,,,,,100000,Y,Y
100150,100032,,,,,100000,Y,Y
100151,100181,,,,,100000,Y,Y
100151,100000,,,,,100000,Y,Y
100151,100032,,,,,100000,Y,Y
100152,100181,,,,,100000,Y,Y
100152,100000,,,,,100000,Y,Y
100152,100032,,,,,100000,Y,Y
100161,100000,100116,,,,100000,Y,Y
100160,100000,100114,,,,100000,Y,Y
100163,100000,100128,,,,100000,Y,Y
100162,100000,100120,,,,100000,Y,Y
100161,100032,100117,,,,100000,Y,Y
100163,100032,100129,,,,100000,Y,Y
100163,100102,100130,,,,100000,Y,Y
100163,100181,100131,,,,100000,Y,Y
100162,100181,100121,,,,100000,Y,Y
100163,100501,100233,,,,100000,Y,Y
100163,100502,100234,,,,100000,Y,Y
100162,100503,100124,,,,100000,Y,Y
100108,100503,100110,,,,100000,Y,Y
100163,100503,100135,,,,100000,Y,Y
100108,100504,100111,,,,100000,Y,Y
100162,100504,100125,,,,100000,Y,Y
100163,100504,100136,,,,100000,Y,Y
100162,100505,100126,,,,100000,Y,Y
100163,100505,100137,,,,100000,Y,Y
100108,100505,100112,,,,100000,Y,Y
100163,100506,100138,,,,100000,Y,Y
100162,100506,100127,,,,100000,Y,Y
100108,100506,100113,,,,100000,Y,Y
100160,100507,100115,,,,100000,Y,Y
100106,100507,100107,,,,100000,Y,Y
100163,100507,100139,,,,100000,Y,Y
100163,100508,100140,,,,100000,Y,Y
100161,100509,100118,,,,100000,Y,Y
100163,100509,100141,,,,100000,Y,Y
100102,100509,100102,,,,100000,Y,Y
100161,100510,100119,,,,100000,Y,Y
100102,100510,100103,,,,100000,Y,Y
100163,100510,100142,,,,100000,Y,Y
100163,100511,100143,,,,100000,Y,Y
100102,100513,100104,,,,100000,Y,Y
100102,100514,100105,,,,100000,Y,Y
100102,100515,100106,,,,100000,Y,Y
100120,100516,100144,,,,100000,Y,Y
100142,100517,100148,,,,100000,Y,Y
100120,100517,100145,,,,100000,Y,Y
100120,100518,100146,,,,100000,Y,Y
100120,100519,100147,,,,100000,Y,Y
100142,100519,100149,,,,100000,Y,Y
100163,100520,100134,,,,100000,Y,Y
100102,100520,100100,,,,100000,Y,Y
100161,100520,100132,,,,100000,Y,Y
100163,100521,100230,,,,100000,Y,Y
100161,100527,100122,,,,100000,Y,Y
100102,100527,100122,,,,100000,Y,Y
100163,100527,100232,,,,100000,Y,Y
100163,100528,100231,,,,100000,Y,Y
100102,100529,100101,,,,100000,Y,Y
100161,100529,100123,,,,100000,Y,Y
100163,100529,100133,,,,100000,Y,Y
100161,100530,100235,,,,100000,Y,Y
100102,100530,100235,,,,100000,Y,Y
100107,100534,100300,,,,100000,Y,Y
100107,100634,100300,,,,100001,Y,Y
100107,100569,100301,,,,100000,Y,Y
100107,100669,100301,,,,100001,Y,Y
100107,100535,100302,,,,100000,Y,Y
100107,100635,100302,,,,100001,Y,Y
100107,100573,100303,,,,100000,Y,Y
100107,100673,100303,,,,100001,Y,Y
100166,100048,100304,,,,100000,Y,Y
100166,100748,100304,,,,100001,Y,Y
100166,100057,100305,,,,100000,Y,Y
100166,100757,100305,,,,100001,Y,Y
100120,100551,100306,,,,100000,Y,Y
100120,100651,100306,,,,100001,Y,Y
100120,100552,100307,,,,100000,Y,Y
100120,100652,100307,,,,100001,Y,Y
100165,100576,100308,,,,100000,Y,Y
100165,100676,100308,,,,100001,Y,Y
100165,100531,100309,,,,100000,Y,Y
100165,100631,100309,,,,100001,Y,Y
100165,100577,100310,,,,100000,Y,Y
100165,100677,100310,,,,100001,Y,Y
100165,100357,100311,,,,100000,Y,Y
100165,101057,100311,,,,100001,Y,Y
100165,100222,100312,,,,100000,Y,Y
100165,100578,100313,,,,100000,Y,Y
100165,100678,100313,,,,100001,Y,Y
100165,100579,100314,,,,100000,Y,Y
100165,100679,100314,,,,100001,Y,Y
100165,100532,100315,,,,100000,Y,Y
100165,100632,100315,,,,100001,Y,Y
100165,100580,100316,,,,100000,Y,Y
100165,100680,100316,,,,100001,Y,Y
100165,100586,100317,,,,100000,Y,Y
100165,100686,100317,,,,100001,Y,Y
100165,100223,100318,,,,100000,Y,Y
100165,100923,100318,,,,100001,Y,Y
100165,100581,100319,,,,100000,Y,Y
100165,100681,100319,,,,100001,Y,Y
100102,100048,100320,,,,100000,Y,Y
100102,100748,100320,,,,100001,Y,Y
100102,100057,100321,,,,100000,Y,Y
100102,100757,100321,,,,100001,Y,Y
100102,100582,100322,,,,100000,Y,Y
100102,100682,100322,,,,100001,Y,Y
100102,100583,100323,,,,100000,Y,Y
100102,100683,100323,,,,100001,Y,Y
100150,100553,100324,,,,100000,Y,Y
100150,100653,100324,,,,100001,Y,Y
100150,100556,100325,,,,100000,Y,Y
100150,100656,100325,,,,100001,Y,Y
100150,100557,100326,,,,100000,Y,Y
100150,100657,100326,,,,100001,Y,Y
100150,100558,100327,,,,100000,Y,Y
100150,100658,100327,,,,100001,Y,Y
100150,100561,100328,,,,100000,Y,Y
100150,100661,100328,,,,100001,Y,Y
100150,100562,100329,,,,100000,Y,Y
100150,100662,100329,,,,100001,Y,Y
100150,100563,100330,,,,100000,Y,Y
100150,100663,100330,,,,100001,Y,Y
100150,100566,100331,,,,100000,Y,Y
100150,100666,100331,,,,100001,Y,Y
100150,100567,100332,,,,100000,Y,Y
100150,100667,100332,,,,100001,Y,Y
100150,100568,100333,,,,100000,Y,Y
100150,100668,100333,,,,100001,Y,Y
100150,100534,100334,,,,100000,Y,Y
100150,100634,100334,,,,100001,Y,Y
100150,100569,100335,,,,100000,Y,Y
100150,100669,100335,,,,100001,Y,Y
100150,100570,100336,,,,100000,Y,Y
100150,100670,100336,,,,100001,Y,Y
100150,100571,100337,,,,100000,Y,Y
100150,100671,100337,,,,100001,Y,Y
100150,100572,100338,,,,100000,Y,Y
100150,100672,100338,,,,100001,Y,Y
100150,100535,100339,,,,100000,Y,Y
100150,100635,100339,,,,100001,Y,Y
100150,100573,100340,,,,100000,Y,Y
100150,100673,100340,,,,100001,Y,Y
100150,100574,100341,,,,100000,Y,Y
100150,100674,100341,,,,100001,Y,Y
100150,100575,100342,,,,100000,Y,Y
100150,100675,100342,,,,100001,Y,Y
100143,100551,100343,,,,100000,Y,Y
100143,100651,100343,,,,100001,Y,Y
100106,100551,100344,,,,100000,Y,Y
100106,100651,100344,,,,100001,Y,Y
100106,100550,100345,,,,100000,Y,Y
100106,100650,100345,,,,100001,Y,Y
100164,100047,100346,,,,100000,Y,Y
100164,100747,100346,,,,100001,Y,Y
100164,100056,100347,,,,100000,Y,Y
100164,100756,100347,,,,100001,Y,Y
100165,100006,,,,,100000,Y,Y
100160,100006,,,,,100000,Y,Y
100161,100006,,,,,100000,Y,Y
100152,100006,,,,,100000,Y,Y
100162,100006,,,,,100000,Y,Y
100163,100006,,,,,100000,Y,Y
100164,100006,,,,,100000,Y,Y
100150,100006,,,,,100000,Y,Y
100151,100006,,,,,100000,Y,Y
100166,100006,,,,,100000,Y,Y
100102,102114,101054,,,,100000,Y,Y
100102,102115,101053,,,,100001,Y,Y
100102,102116,101056,,,,100000,Y,Y
100102,102117,101055,,,,100001,Y,Y
100105,102001,101334,,,,100000,Y,Y
100105,102002,101333,,,,100001,Y,Y
100105,102003,101336,,,,100000,Y,Y
100105,102004,101335,,,,100001,Y,Y
100105,102114,101338,,,,100000,Y,Y
100105,102115,101337,,,,100001,Y,Y
100105,102116,101340,,,,100000,Y,Y
100105,102117,101339,,,,100001,Y,Y
100120,102146,101503,,,,100001,Y,Y
100120,102147,101504,,,,100001,Y,Y
100141,102146,101501,,,,100001,Y,Y
100142,102147,101502,,,,100001,Y,Y
100144,102146,101505,,,,100001,Y,Y
100152,102001,101058,,,,100000,Y,Y
100152,102002,101057,,,,100001,Y,Y
100152,102003,101060,,,,100000,Y,Y
100152,102004,101059,,,,100001,Y,Y
100170,100000,101034,,,,100000,Y,Y
100170,100006,,,,,100000,Y,Y
100170,100029,101038,,,,100000,Y,Y
100170,100032,101035,,,,100000,Y,Y
100170,100037,101040,,,,100000,Y,Y
100170,100102,101036,,,,100000,Y,Y
100170,102011,101037,,,,100001,Y,Y
100170,102012,101039,,,,100001,Y,Y
100170,102030,101042,,,,100000,Y,Y
100170,102031,101041,,,,100001,Y,Y
100170,102032,101044,,,,100000,Y,Y
100170,102033,101043,,,,100001,Y,Y
100170,102044,101046,,,,100000,Y,Y
100170,102045,101045,,,,100001,Y,Y
100170,102046,101048,,,,100000,Y,Y
100170,102047,101047,,,,100001,Y,Y
100170,102068,101050,,,,100000,Y,Y
100170,102069,101049,,,,100001,Y,Y
100170,102070,101052,,,,100000,Y,Y
100170,102071,101051,,,,100001,Y,Y
100171,100000,101002,,,,100000,Y,Y
100171,100006,,,,,100000,Y,Y
100171,100029,101006,,,,100000,Y,Y
100171,100032,101003,,,,100000,Y,Y
100171,100037,101008,,,,100000,Y,Y
100171,100102,101004,,,,100000,Y,Y
100171,102011,101005,,,,100001,Y,Y
100171,102012,101007,,,,100001,Y,Y
100171,102030,101010,,,,100000,Y,Y
100171,102031,101009,,,,100001,Y,Y
100171,102032,101012,,,,100000,Y,Y
100171,102033,101011,,,,100001,Y,Y
100171,102044,101014,,,,100000,Y,Y
100171,102045,101013,,,,100001,Y,Y
100171,102046,101016,,,,100000,Y,Y
100171,102047,101015,,,,100001,Y,Y
100171,102068,101018,,,,100000,Y,Y
100171,102069,101017,,,,100001,Y,Y
100171,102070,101020,,,,100000,Y,Y
100171,102071,101019,,,,100001,Y,Y
100172,100000,101022,,,,100000,Y,Y
100172,100006,,,,,100000,Y,Y
100172,100029,101026,,,,100000,Y,Y
100172,100032,101023,,,,100000,Y,Y
100172,100037,101028,,,,100000,Y,Y
100172,100102,101024,,,,100000,Y,Y
100172,102011,101025,,,,100001,Y,Y
100172,102012,101027,,,,100001,Y,Y
100172,102050,101030,,,,100000,Y,Y
100172,102051,101029,,,,100001,Y,Y
100172,102052,101032,,,,100000,Y,Y
100172,102053,101031,,,,100001,Y,Y
100173,100000,101220,,,,100000,Y,Y
100173,100001,101224,,,,100000,Y,Y
100173,100006,,,,,100000,Y,Y
100173,100029,101228,,,,100000,Y,Y
100173,100032,101221,,,,100000,Y,Y
100173,100037,101230,,,,100000,Y,Y
100173,100102,101222,,,,100000,Y,Y
100173,100103,101226,,,,100000,Y,Y
100173,100111,101232,,,,100000,Y,Y
100173,102007,101223,,,,100001,Y,Y
100173,102008,101225,,,,100001,Y,Y
100173,102011,101227,,,,100001,Y,Y
100173,102012,101229,,,,100001,Y,Y
100173,102013,101231,,,,100001,Y,Y
100173,102016,101234,,,,100000,Y,Y
100173,102017,101233,,,,100001,Y,Y
100173,102018,101236,,,,100000,Y,Y
100173,102019,101235,,,,100001,Y,Y
100173,102020,101238,,,,100000,Y,Y
100173,102021,101237,,,,100001,Y,Y
100173,102030,101240,,,,100000,Y,Y
100173,102031,101239,,,,100001,Y,Y
100173,102032,101242,,,,100000,Y,Y
100173,102033,101241,,,,100001,Y,Y
100173,102034,101244,,,,100000,Y,Y
100173,102035,101243,,,,100001,Y,Y
100173,102036,101246,,,,100000,Y,Y
100173,102037,101245,,,,100001,Y,Y
100173,102038,101248,,,,100000,Y,Y
100173,102039,101247,,,,100001,Y,Y
100173,102040,101250,,,,100000,Y,Y
100173,102041,101249,,,,100001,Y,Y
100173,102044,101252,,,,100000,Y,Y
100173,102045,101251,,,,100001,Y,Y
100173,102046,101254,,,,100000,Y,Y
100173,102047,101253,,,,100001,Y,Y
100173,102048,101256,,,,100000,Y,Y
100173,102049,101255,,,,100001,Y,Y
100173,102050,101258,,,,100000,Y,Y
100173,102051,101257,,,,100001,Y,Y
100173,102052,101260,,,,100000,Y,Y
100173,102053,101259,,,,100001,Y,Y
100173,102054,101262,,,,100000,Y,Y
100173,102055,101261,,,,100001,Y,Y
100173,102056,101264,,,,100000,Y,Y
100173,102057,101263,,,,100001,Y,Y
100173,102058,101266,,,,100000,Y,Y
100173,102059,101265,,,,100001,Y,Y
100173,102060,101268,,,,100000,Y,Y
100173,102061,101267,,,,100001,Y,Y
100173,102062,101270,,,,100000,Y,Y
100173,102063,101269,,,,100001,Y,Y
100173,102064,101272,,,,100000,Y,Y
100173,102065,101271,,,,100001,Y,Y
100173,102066,101274,,,,100000,Y,Y
100173,102067,101273,,,,100001,Y,Y
100173,102068,101276,,,,100000,Y,Y
100173,102069,101275,,,,100001,Y,Y
100173,102070,101278,,,,100000,Y,Y
100173,102071,101277,,,,100001,Y,Y
100173,102072,101280,,,,100000,Y,Y
100173,102073,101279,,,,100001,Y,Y
100173,102074,101282,,,,100000,Y,Y
100173,102075,101281,,,,100001,Y,Y
100173,102076,101284,,,,100000,Y,Y
100173,102077,101283,,,,100001,Y,Y
100173,102084,101286,,,,100000,Y,Y
100173,102085,101285,,,,100001,Y,Y
100173,102086,101288,,,,100000,Y,Y
100173,102087,101287,,,,100001,Y,Y
100173,102088,101290,,,,100000,Y,Y
100173,102089,101289,,,,100001,Y,Y
100173,102090,101292,,,,100000,Y,Y
100173,102091,101291,,,,100001,Y,Y
100173,102092,101294,,,,100000,Y,Y
100173,102093,101293,,,,100001,Y,Y
100173,102094,101296,,,,100000,Y,Y
100173,102095,101295,,,,100001,Y,Y
100173,102096,101298,,,,100000,Y,Y
100173,102097,101297,,,,100001,Y,Y
100173,102098,101300,,,,100000,Y,Y
100173,102099,101299,,,,100001,Y,Y
100173,102100,101302,,,,100000,Y,Y
100173,102101,101301,,,,100001,Y,Y
100173,102102,101304,,,,100000,Y,Y
100173,102103,101303,,,,100001,Y,Y
100173,102104,101306,,,,100000,Y,Y
100173,102105,101305,,,,100001,Y,Y
100173,102106,101308,,,,100000,Y,Y
100173,102107,101307,,,,100001,Y,Y
100173,102118,101310,,,,100000,Y,Y
100173,102119,101309,,,,100001,Y,Y
100173,102120,101312,,,,100000,Y,Y
100173,102121,101311,,,,100001,Y,Y
100173,102122,101314,,,,100000,Y,Y
100173,102123,101313,,,,100001,Y,Y
100173,102124,101316,,,,100000,Y,Y
100173,102125,101315,,,,100001,Y,Y
100173,102126,101318,,,,100000,Y,Y
100173,102127,101317,,,,100001,Y,Y
100173,102128,101320,,,,100000,Y,Y
100173,102129,101319,,,,100001,Y,Y
100173,102130,101322,,,,100000,Y,Y
100173,102131,101321,,,,100001,Y,Y
100173,102132,101324,,,,100000,Y,Y
100173,102133,101323,,,,100001,Y,Y
100173,102134,101326,,,,100000,Y,Y
100173,102135,101325,,,,100001,Y,Y
100173,102140,101328,,,,100000,Y,Y
100173,102141,101327,,,,100001,Y,Y
100173,102142,101330,,,,100000,Y,Y
100173,102143,101329,,,,100001,Y,Y
100173,102144,101332,,,,100000,Y,Y
100173,102145,101331,,,,100001,Y,Y
100174,100000,101188,,,,100000,Y,Y
100174,100006,,,,,100000,Y,Y
100174,100032,101189,,,,100000,Y,Y
100174,100102,101190,,,,100000,Y,Y
100174,102005,101192,,,,100000,Y,Y
100174,102006,101191,,,,100001,Y,Y
100174,102028,101194,,,,100000,Y,Y
100174,102029,101193,,,,100001,Y,Y
100175,100000,101062,,,,100000,Y,Y
100175,100001,101066,,,,100000,Y,Y
100175,100006,,,,,100000,Y,Y
100175,100029,101070,,,,100000,Y,Y
100175,100032,101063,,,,100000,Y,Y
100175,100037,101072,,,,100000,Y,Y
100175,100102,101064,,,,100000,Y,Y
100175,100103,101068,,,,100000,Y,Y
100175,100111,101074,,,,100000,Y,Y
100175,102007,101065,,,,100001,Y,Y
100175,102008,101067,,,,100001,Y,Y
100175,102011,101069,,,,100001,Y,Y
100175,102012,101071,,,,100001,Y,Y
100175,102013,101073,,,,100001,Y,Y
100175,102016,101076,,,,100000,Y,Y
100175,102017,101075,,,,100001,Y,Y
100175,102018,101078,,,,100000,Y,Y
100175,102019,101077,,,,100001,Y,Y
100175,102020,101080,,,,100000,Y,Y
100175,102021,101079,,,,100001,Y,Y
100175,102030,101082,,,,100000,Y,Y
100175,102031,101081,,,,100001,Y,Y
100175,102032,101084,,,,100000,Y,Y
100175,102033,101083,,,,100001,Y,Y
100175,102034,101086,,,,100000,Y,Y
100175,102035,101085,,,,100001,Y,Y
100175,102036,101088,,,,100000,Y,Y
100175,102037,101087,,,,100001,Y,Y
100175,102038,101090,,,,100000,Y,Y
100175,102039,101089,,,,100001,Y,Y
100175,102040,101092,,,,100000,Y,Y
100175,102041,101091,,,,100001,Y,Y
100175,102044,101094,,,,100000,Y,Y
100175,102045,101093,,,,100001,Y,Y
100175,102046,101096,,,,100000,Y,Y
100175,102047,101095,,,,100001,Y,Y
100175,102048,101098,,,,100000,Y,Y
100175,102049,101097,,,,100001,Y,Y
100175,102050,101100,,,,100000,Y,Y
100175,102051,101099,,,,100001,Y,Y
100175,102052,101102,,,,100000,Y,Y
100175,102053,101101,,,,100001,Y,Y
100175,102054,101104,,,,100000,Y,Y
100175,102055,101103,,,,100001,Y,Y
100175,102056,101106,,,,100000,Y,Y
100175,102057,101105,,,,100001,Y,Y
100175,102058,101108,,,,100000,Y,Y
100175,102059,101107,,,,100001,Y,Y
100175,102060,101110,,,,100000,Y,Y
100175,102061,101109,,,,100001,Y,Y
100175,102062,101112,,,,100000,Y,Y
100175,102063,101111,,,,100001,Y,Y
100175,102064,101114,,,,100000,Y,Y
100175,102065,101113,,,,100001,Y,Y
100175,102066,101116,,,,100000,Y,Y
100175,102067,101115,,,,100001,Y,Y
100175,102068,101118,,,,100000,Y,Y
100175,102069,101117,,,,100001,Y,Y
100175,102070,101120,,,,100000,Y,Y
100175,102071,101119,,,,100001,Y,Y
100175,102072,101122,,,,100000,Y,Y
100175,102073,101121,,,,100001,Y,Y
100175,102074,101124,,,,100000,Y,Y
100175,102075,101123,,,,100001,Y,Y
100175,102076,101126,,,,100000,Y,Y
100175,102077,101125,,,,100001,Y,Y
100175,102078,101128,,,,100000,Y,Y
100175,102079,101127,,,,100001,Y,Y
100175,102080,101130,,,,100000,Y,Y
100175,102081,101129,,,,100001,Y,Y
100175,102082,101132,,,,100000,Y,Y
100175,102083,101131,,,,100001,Y,Y
100175,102084,101134,,,,100000,Y,Y
100175,102085,101133,,,,100001,Y,Y
100175,102086,101136,,,,100000,Y,Y
100175,102087,101135,,,,100001,Y,Y
100175,102088,101138,,,,100000,Y,Y
100175,102089,101137,,,,100001,Y,Y
100175,102090,101140,,,,100000,Y,Y
100175,102091,101139,,,,100001,Y,Y
100175,102092,101142,,,,100000,Y,Y
100175,102093,101141,,,,100001,Y,Y
100175,102094,101144,,,,100000,Y,Y
100175,102095,101143,,,,100001,Y,Y
100175,102096,101146,,,,100000,Y,Y
100175,102097,101145,,,,100001,Y,Y
100175,102098,101148,,,,100000,Y,Y
100175,102099,101147,,,,100001,Y,Y
100175,102100,101150,,,,100000,Y,Y
100175,102101,101149,,,,100001,Y,Y
100175,102102,101152,,,,100000,Y,Y
100175,102103,101151,,,,100001,Y,Y
100175,102104,101154,,,,100000,Y,Y
100175,102105,101153,,,,100001,Y,Y
100175,102106,101156,,,,100000,Y,Y
100175,102107,101155,,,,100001,Y,Y
100175,102108,101158,,,,100000,Y,Y
100175,102109,101157,,,,100001,Y,Y
100175,102110,101160,,,,100000,Y,Y
100175,102111,101159,,,,100001,Y,Y
100175,102112,101162,,,,100000,Y,Y
100175,102113,101161,,,,100001,Y,Y
100175,102118,101164,,,,100000,Y,Y
100175,102119,101163,,,,100001,Y,Y
100175,102120,101166,,,,100000,Y,Y
100175,102121,101165,,,,100001,Y,Y
100175,102122,101168,,,,100000,Y,Y
100175,102123,101167,,,,100001,Y,Y
100175,102124,101170,,,,100000,Y,Y
100175,102125,101169,,,,100001,Y,Y
100175,102126,101172,,,,100000,Y,Y
100175,102127,101171,,,,100001,Y,Y
100175,102128,101174,,,,100000,Y,Y
100175,102129,101173,,,,100001,Y,Y
100175,102130,101176,,,,100000,Y,Y
100175,102131,101175,,,,100001,Y,Y
100175,102132,101178,,,,100000,Y,Y
100175,102133,101177,,,,100001,Y,Y
100175,102134,101180,,,,100000,Y,Y
100175,102135,101179,,,,100001,Y,Y
100175,102140,101182,,,,100000,Y,Y
100175,102141,101181,,,,100001,Y,Y
100175,102142,101184,,,,100000,Y,Y
100175,102143,101183,,,,100001,Y,Y
100175,102144,101186,,,,100000,Y,Y
100175,102145,101185,,,,100001,Y,Y
100176,100000,101342,,,,100000,Y,Y
100176,100006,,,,,100000,Y,Y
100176,100029,101346,,,,100000,Y,Y
100176,100032,101343,,,,100000,Y,Y
100176,100037,101348,,,,100000,Y,Y
100176,100102,101344,,,,100000,Y,Y
100176,102011,101345,,,,100001,Y,Y
100176,102012,101347,,,,100001,Y,Y
100176,102030,101350,,,,100000,Y,Y
100176,102031,101349,,,,100001,Y,Y
100176,102032,101352,,,,100000,Y,Y
100176,102033,101351,,,,100001,Y,Y
100176,102044,101354,,,,100000,Y,Y
100176,102045,101353,,,,100001,Y,Y
100176,102046,101356,,,,100000,Y,Y
100176,102047,101355,,,,100001,Y,Y
100176,102068,101358,,,,100000,Y,Y
100176,102069,101357,,,,100001,Y,Y
100176,102070,101360,,,,100000,Y,Y
100176,102071,101359,,,,100001,Y,Y
100177,100000,101210,,,,100000,Y,Y
100177,100006,,,,,100000,Y,Y
100177,100032,101211,,,,100000,Y,Y
100177,100102,101212,,,,100000,Y,Y
100177,102009,101214,,,,100000,Y,Y
100177,102010,101213,,,,100001,Y,Y
100177,102136,101216,,,,100000,Y,Y
100177,102137,101215,,,,100001,Y,Y
100177,102138,101218,,,,100000,Y,Y
100177,102139,101217,,,,100001,Y,Y
100178,100000,101196,,,,100000,Y,Y
100178,100006,,,,,100000,Y,Y
100178,100032,101197,,,,100000,Y,Y
100178,100102,101198,,,,100000,Y,Y
100178,102009,101200,,,,100000,Y,Y
100178,102010,101199,,,,100001,Y,Y
100178,102014,101202,,,,100000,Y,Y
100178,102015,101201,,,,100001,Y,Y
100178,102042,101204,,,,100000,Y,Y
100178,102043,101203,,,,100001,Y,Y
100178,102136,101206,,,,100000,Y,Y
100178,102137,101205,,,,100001,Y,Y
100178,102138,101208,,,,100000,Y,Y
100178,102139,101207,,,,100001,Y,Y
100100,100800,100403,,,,100002,Y,Y
100101,100800,100402,,,,100002,Y,Y
100102,100800,100419,,,,100002,Y,Y
100103,100810,100408,,,,100002,Y,Y
100105,100800,100431,,,,100002,Y,Y
100106,100800,100428,,,,100002,Y,Y
100107,100800,100406,,,,100002,Y,Y
100108,100800,100422,,,,100002,Y,Y
100110,100800,100430,,,,100002,Y,Y
100120,100810,100413,,,,100002,Y,Y
100121,100800,100405,,,,100002,Y,Y
100122,100810,100407,,,,100002,Y,Y
100123,100800,100420,,,,100002,Y,Y
100124,100800,100427,,,,100002,Y,Y
100140,100800,100411,,,,100002,Y,Y
100141,100800,100410,,,,100002,Y,Y
100142,100800,100412,,,,100002,Y,Y
100143,100810,100425,,,,100002,Y,Y
100144,100800,100432,,,,100002,Y,Y
100145,100800,100414,,,,100002,Y,Y
100146,100810,100415,,,,100002,Y,Y
100147,100800,100401,,,,100002,Y,Y
100150,100800,100421,,,,100002,Y,Y
100151,100800,100424,,,,100002,Y,Y
100152,100800,100423,,,,100002,Y,Y
100160,100800,100426,,,,100002,Y,Y
100161,100810,100418,,,,100002,Y,Y
100162,100810,100416,,,,100002,Y,Y
100163,100800,100404,,,,100002,Y,Y
100164,100800,100429,,,,100002,Y,Y
100165,100800,100417,,,,100002,Y,Y
100166,100800,100409,,,,100002,Y,Y
100170,100810,101033,,,,100002,Y,Y
100171,100810,101001,,,,100002,Y,Y
100172,100800,101021,,,,100002,Y,Y
100173,100800,101219,,,,100002,Y,Y
100174,100800,101187,,,,100002,Y,Y
100175,100800,101061,,,,100002,Y,Y
100176,100800,101341,,,,100002,Y,Y
100177,100800,101209,,,,100002,Y,Y
100178,100800,101195,,,,100002,Y,Y
100100,100801,100433,,,,100002,N,Y
100101,100801,100433,,,,100002,N,Y
100102,100801,100433,,,,100002,N,Y
100103,100801,100433,,,,100002,N,Y
100105,100801,100433,,,,100002,N,Y
100106,100801,100433,,,,100002,N,Y
100107,100801,100433,,,,100002,N,Y
100108,100801,100433,,,,100002,N,Y
100110,100801,100433,,,,100002,N,Y
100120,100801,100433,,,,100002,N,Y
100121,100801,100433,,,,100002,N,Y
100122,100801,100433,,,,100002,N,Y
100123,100801,100433,,,,100002,N,Y
100124,100801,100433,,,,100002,N,Y
100140,100801,100433,,,,100002,N,Y
100141,100801,100433,,,,100002,N,Y
100142,100801,100433,,,,100002,N,Y
100143,100801,100433,,,,100002,N,Y
100144,100801,100433,,,,100002,N,Y
100145,100801,100433,,,,100002,N,Y
100146,100801,100433,,,,100002,N,Y
100147,100801,100433,,,,100002,N,Y
100150,100801,100433,,,,100002,N,Y
100151,100801,100433,,,,100002,N,Y
100152,100801,100433,,,,100002,N,Y
100160,100801,100433,,,,100002,N,Y
100161,100801,100433,,,,100002,N,Y
100162,100801,100433,,,,100002,N,Y
100163,100801,100433,,,,100002,N,Y
100164,100801,100433,,,,100002,N,Y
100165,100801,100433,,,,100002,N,Y
100166,100801,100433,,,,100002,N,Y
100170,100801,100433,,,,100002,N,Y
100171,100801,100433,,,,100002,N,Y
100172,100801,100433,,,,100002,N,Y
100173,100801,100433,,,,100002,N,Y
100174,100801,100433,,,,100002,N,Y
100175,100801,100433,,,,100002,N,Y
100176,100801,100433,,,,100002,N,Y
100177,100801,100433,,,,100002,N,Y
100178,100801,100433,,,,100002,N,Y
100100,100802,100434,,,,100002,N,Y
100101,100802,100434,,,,100002,N,Y
100102,100802,100434,,,,100002,N,Y
100103,100802,100434,,,,100002,N,Y
100105,100802,100434,,,,100002,N,Y
100106,100802,100434,,,,100002,N,Y
100107,100802,100434,,,,100002,N,Y
100108,100802,100434,,,,100002,N,Y
100110,100802,100434,,,,100002,N,Y
100120,100802,100434,,,,100002,N,Y
100121,100802,100434,,,,100002,N,Y
100122,100802,100434,,,,100002,N,Y
100123,100802,100434,,,,100002,N,Y
100124,100802,100434,,,,100002,N,Y
100140,100802,100434,,,,100002,N,Y
100141,100802,100434,,,,100002,N,Y
100142,100802,100434,,,,100002,N,Y
100143,100802,100434,,,,100002,N,Y
100144,100802,100434,,,,100002,N,Y
100145,100802,100434,,,,100002,N,Y
100146,100802,100434,,,,100002,N,Y
100147,100802,100434,,,,100002,N,Y
100150,100802,100434,,,,100002,N,Y
100151,100802,100434,,,,100002,N,Y
100152,100802,100434,,,,100002,N,Y
100160,100802,100434,,,,100002,N,Y
100161,100802,100434,,,,100002,N,Y
100162,100802,100434,,,,100002,N,Y
100163,100802,100434,,,,100002,N,Y
100164,100802,100434,,,,100002,N,Y
100165,100802,100434,,,,100002,N,Y
100166,100802,100434,,,,100002,N,Y
100170,100802,100434,,,,100002,N,Y
100171,100802,100434,,,,100002,N,Y
100172,100802,100434,,,,100002,N,Y
100173,100802,100434,,,,100002,N,Y
100174,100802,100434,,,,100002,N,Y
100175,100802,100434,,,,100002,N,Y
100176,100802,100434,,,,100002,N,Y
100177,100802,100434,,,,100002,N,Y
100178,100802,100434,,,,100002,N,Y
100120,102331,102202,,,,100000,Y,Y
100120,102332,102201,,,,100001,Y,Y
100120,102333,102204,,,,100000,Y,Y
100120,102334,102203,,,,100001,Y,Y
100120,102335,102206,,,,100000,Y,Y
100120,102336,102205,,,,100001,Y,Y
100120,102337,102208,,,,100000,Y,Y
100120,102338,102207,,,,100001,Y,Y
100120,102339,102210,,,,100000,Y,Y
100120,102340,102209,,,,100001,Y,Y
100120,102341,102212,,,,100000,Y,Y
100120,102342,102211,,,,100001,Y,Y
100120,102343,102214,,,,100000,Y,Y
100120,102344,102213,,,,100001,Y,Y
100120,102345,102216,,,,100000,Y,Y
100120,102346,102215,,,,100001,Y,Y
100120,102347,102218,,,,100000,Y,Y
100120,102348,102217,,,,100001,Y,Y
100120,102349,102220,,,,100000,Y,Y
100120,102350,102219,,,,100001,Y,Y
100120,102351,102222,,,,100000,Y,Y
100120,102352,102221,,,,100001,Y,Y
100120,102353,102224,,,,100000,Y,Y
100120,102354,102223,,,,100001,Y,Y
100120,102355,102226,,,,100000,Y,Y
100120,102356,102225,,,,100001,Y,Y
100120,102357,102228,,,,100000,Y,Y
100120,102358,102227,,,,100001,Y,Y
100120,102359,102230,,,,100000,Y,Y
100120,102360,102229,,,,100001,Y,Y
100120,102361,102232,,,,100000,Y,Y
100120,102362,102231,,,,100001,Y,Y
100120,102078,102233,,,,100001,Y,Y
100120,102079,102234,,,,100001,Y,Y
100120,102080,102235,,,,100000,Y,Y
100120,102081,102236,,,,100001,Y,Y
100120,102082,102237,,,,100000,Y,Y
100120,102083,102238,,,,100001,Y,Y
100120,102108,102239,,,,100000,Y,Y
100120,102109,102240,,,,100001,Y,Y
100120,102110,102241,,,,100000,Y,Y
100120,102111,102242,,,,100001,Y,Y
100120,102112,102243,,,,100000,Y,Y
100120,102113,102244,,,,100001,Y,Y
100171,100036,102402,,,,100000,Y,Y
100171,100110,102403,,,,100000,Y,Y
100171,102013,102404,,,,100001,Y,Y
100171,100111,102405,,,,100000,Y,Y
100171,102035,102406,,,,100001,Y,Y
100171,102034,102407,,,,100000,Y,Y
100171,102049,102408,,,,100001,Y,Y
100171,102048,102409,,,,100000,Y,Y
100171,102073,102410,,,,100001,Y,Y
100171,102072,102411,,,,100000,Y,Y
100172,100036,102413,,,,100000,Y,Y
100172,100110,102414,,,,100000,Y,Y
100172,102013,102415,,,,100001,Y,Y
100172,100111,102416,,,,100000,Y,Y
100172,102055,102417,,,,100001,Y,Y
100172,102054,102418,,,,100000,Y,Y
100170,100036,102420,,,,100000,Y,Y
100170,100110,102421,,,,100000,Y,Y
100170,102013,102422,,,,100001,Y,Y
100170,100111,102423,,,,100000,Y,Y
100170,102035,102424,,,,100001,Y,Y
100170,102034,102425,,,,100000,Y,Y
100170,102049,102426,,,,100001,Y,Y
100170,102048,102427,,,,100000,Y,Y
100170,102073,102428,,,,100001,Y,Y
100170,102072,102429,,,,100000,Y,Y
100120,102402,102430,,,,100001,Y,Y
100120,102401,102431,,,,100000,Y,Y
100120,102420,102432,,,,100001,Y,Y
100120,102419,102433,,,,100000,Y,Y
100152,102402,102434,,,,100001,Y,Y
100152,102401,102435,,,,100000,Y,Y
100175,100036,102437,,,,100000,Y,Y
100175,100110,102438,,,,100000,Y,Y
100175,102418,102439,,,,100001,Y,Y
100175,102417,102440,,,,100000,Y,Y
100174,102404,102441,,,,100001,Y,Y
100174,102403,102442,,,,100000,Y,Y
100174,100036,102444,,,,100000,Y,Y
100174,100110,102445,,,,100000,Y,Y
100174,102412,102446,,,,100001,Y,Y
100174,102411,102447,,,,100000,Y,Y
100178,102406,102448,,,,100001,Y,Y
100178,102405,102449,,,,100000,Y,Y
100178,100036,102451,,,,100000,Y,Y
100178,100110,102452,,,,100000,Y,Y
100178,102408,102453,,,,100001,Y,Y
100178,102407,102454,,,,100000,Y,Y
100178,102410,102455,,,,100001,Y,Y
100178,102409,102456,,,,100000,Y,Y
100178,102414,102457,,,,100001,Y,Y
100178,102413,102458,,,,100000,Y,Y
100178,102416,102459,,,,100001,Y,Y
100178,102415,102460,,,,100000,Y,Y
100178,102422,102461,,,,100001,Y,Y
100178,102421,102462,,,,100000,Y,Y
100177,102406,102463,,,,100001,Y,Y
100177,102405,102464,,,,100000,Y,Y
100177,100036,102466,,,,100000,Y,Y
100177,100110,102467,,,,100000,Y,Y
100177,102422,102468,,,,100001,Y,Y
100177,102421,102469,,,,100000,Y,Y
100173,100036,102471,,,,100000,Y,Y
100173,100110,102472,,,,100000,Y,Y
100173,102418,102473,,,,100001,Y,Y
100173,102417,102474,,,,100000,Y,Y
100105,102402,102475,,,,100001,Y,Y
100105,102401,102476,,,,100000,Y,Y
100105,102420,102477,,,,100001,Y,Y
100105,102419,102478,,,,100000,Y,Y
100176,100036,102480,,,,100000,Y,Y
100176,100110,102481,,,,100000,Y,Y
100176,102013,102482,,,,100001,Y,Y
100176,100111,102483,,,,100000,Y,Y
100176,102035,102484,,,,100001,Y,Y
100176,102034,102485,,,,100000,Y,Y
100176,102049,102486,,,,100001,Y,Y
100176,102048,102487,,,,100000,Y,Y
100176,102073,102488,,,,100001,Y,Y
100176,102072,102489,,,,100000,Y,Y
100141,102001,102502,,,,100000,Y,Y
100144,102001,102519,,,,100000,Y,Y
100141,102002,102501,,,,100001,Y,Y
100144,102002,102518,,,,100001,Y,Y
100141,102003,102503,,,,100000,Y,Y
100144,102003,102520,,,,100000,Y,Y
100142,102116,102507,,,,100000,Y,Y
100142,102117,102506,,,,100001,Y,Y
100141,102401,102505,,,,100000,Y,Y
100144,102401,102522,,,,100000,Y,Y
100141,102402,102504,,,,100001,Y,Y
100144,102402,102521,,,,100001,Y,Y
100142,102419,102509,,,,100000,Y,Y
100142,102420,102508,,,,100001,Y,Y
100174,102451,102511,,,,100000,Y,Y
100174,102452,102510,,,,100001,Y,Y
100177,102453,102517,,,,100000,Y,Y
100178,102453,102515,,,,100000,Y,Y
100177,102454,102516,,,,100001,Y,Y
100178,102454,102514,,,,100001,Y,Y
100174,102455,102513,,,,100000,Y,Y
100174,102456,102512,,,,100001,Y,Y
100181,100006,,,,,100000,Y,Y
100180,100006,,,,,100000,Y,Y
100182,100006,,,,,100000,Y,Y
100181,100110,,,,,100000,Y,Y
100182,100110,,,,,100000,Y,Y
100180,100110,,,,,100000,Y,Y
100180,100183,,,,,100000,Y,Y
100182,100183,,,,,100000,Y,Y
100181,100183,,,,,100000,Y,Y
100180,100801,100433,,,,100001,Y,Y
100182,100801,100433,,,,100001,Y,Y
100181,100801,100433,,,,100001,Y,Y
100182,100802,100434,,,,100001,Y,Y
100181,100802,100434,,,,100001,Y,Y
100180,100802,100434,,,,100001,Y,Y
100182,102553,,,,,100001,Y,Y
100181,102553,,,,,100001,Y,Y
100180,102553,,,,,100001,Y,Y
100181,102554,,,,,100001,Y,Y
100180,102554,,,,,100001,Y,Y
100182,102554,,,,,100001,Y,Y
100180,102555,,,,,100001,Y,Y
100182,102555,,,,,100001,Y,Y
100181,102555,,,,,100001,Y,Y
100181,100800,102601,,,,100001,Y,Y
100181,102501,102602,,,,100001,Y,Y
100181,100181,102603,,,,100000,Y,Y
100181,102502,102604,,,,100001,Y,Y
100181,100000,102605,,,,100000,Y,Y
100181,102503,102606,,,,100001,Y,Y
100181,100102,102607,,,,100000,Y,Y
100181,102505,102608,,,,100001,Y,Y
100181,102504,102609,,,,100000,Y,Y
100181,102507,102610,,,,100001,Y,Y
100181,102506,102611,,,,100000,Y,Y
100181,102509,102612,,,,100001,Y,Y
100181,102508,102613,,,,100000,Y,Y
100181,102510,102614,,,,100001,Y,Y
100181,100442,102615,,,,100000,Y,Y
100181,102511,102616,,,,100001,Y,Y
100181,100441,102617,,,,100000,Y,Y
100181,102512,102618,,,,100001,Y,Y
100181,100444,102619,,,,100000,Y,Y
100181,102513,102620,,,,100001,Y,Y
100181,100446,102621,,,,100000,Y,Y
100181,102514,102622,,,,100001,Y,Y
100181,100445,102623,,,,100000,Y,Y
100181,102515,102624,,,,100001,Y,Y
100181,100448,102625,,,,100000,Y,Y
100181,102516,102626,,,,100001,Y,Y
100181,100450,102627,,,,100000,Y,Y
100181,102517,102628,,,,100001,Y,Y
100181,100449,102629,,,,100000,Y,Y
100181,102518,102630,,,,100001,Y,Y
100181,100452,102631,,,,100000,Y,Y
100181,102519,102632,,,,100001,Y,Y
100181,100271,102633,,,,100000,Y,Y
100181,102520,102634,,,,100001,Y,Y
100181,100025,102635,,,,100000,Y,Y
100181,102521,102636,,,,100001,Y,Y
100181,100382,102637,,,,100000,Y,Y
100181,100634,102638,,,,100001,Y,Y
100181,100534,102639,,,,100000,Y,Y
100181,100669,102640,,,,100001,Y,Y
100181,100569,102641,,,,100000,Y,Y
100181,102523,102642,,,,100001,Y,Y
100181,102522,102643,,,,100000,Y,Y
100181,102530,102644,,,,100001,Y,Y
100181,100272,102645,,,,100000,Y,Y
100181,102531,102646,,,,100001,Y,Y
100181,100264,102647,,,,100000,Y,Y
100181,102532,102648,,,,100001,Y,Y
100181,100383,102649,,,,100000,Y,Y
100181,102539,102650,,,,100001,Y,Y
100181,100274,102651,,,,100000,Y,Y
100181,102540,102652,,,,100001,Y,Y
100181,100042,102653,,,,100000,Y,Y
100181,102541,102654,,,,100001,Y,Y
100181,100384,102655,,,,100000,Y,Y
100181,100635,102656,,,,100001,Y,Y
100181,100535,102657,,,,100000,Y,Y
100181,100673,102658,,,,100001,Y,Y
100181,100573,102659,,,,100000,Y,Y
100181,102543,102660,,,,100001,Y,Y
100181,102542,102661,,,,100000,Y,Y
100181,102550,102662,,,,100001,Y,Y
100181,100182,102663,,,,100000,Y,Y
100181,102551,102664,,,,100001,Y,Y
100181,100179,102665,,,,100000,Y,Y
100181,102552,102666,,,,100001,Y,Y
100181,100385,102667,,,,100000,Y,Y
100180,100800,102668,,,,100001,Y,Y
100180,102501,102669,,,,100001,Y,Y
100180,100181,102670,,,,100000,Y,Y
100180,102502,102671,,,,100001,Y,Y
100180,100000,102672,,,,100000,Y,Y
100180,102503,102673,,,,100001,Y,Y
100180,100102,102674,,,,100000,Y,Y
100180,102505,102675,,,,100001,Y,Y
100180,102504,102676,,,,100000,Y,Y
100180,102507,102677,,,,100001,Y,Y
100180,102506,102678,,,,100000,Y,Y
100180,102509,102679,,,,100001,Y,Y
100180,102508,102680,,,,100000,Y,Y
100180,102519,102681,,,,100001,Y,Y
100180,100271,102682,,,,100000,Y,Y
100180,102520,102683,,,,100001,Y,Y
100180,100025,102684,,,,100000,Y,Y
100180,102521,102685,,,,100001,Y,Y
100180,100382,102686,,,,100000,Y,Y
100180,102539,102687,,,,100001,Y,Y
100180,100274,102688,,,,100000,Y,Y
100180,102540,102689,,,,100001,Y,Y
100180,100042,102690,,,,100000,Y,Y
100180,102541,102691,,,,100001,Y,Y
100180,100384,102692,,,,100000,Y,Y
100141,100634,102693,,,,100001,Y,Y
100141,100534,102694,,,,100000,Y,Y
100141,100669,102695,,,,100001,Y,Y
100141,100569,102696,,,,100000,Y,Y
100141,102523,102697,,,,100001,Y,Y
100141,102522,102698,,,,100000,Y,Y
100141,102525,102699,,,,100001,Y,Y
100141,102524,102700,,,,100000,Y,Y
100141,102527,102701,,,,100001,Y,Y
100141,102526,102702,,,,100000,Y,Y
100141,102529,102703,,,,100001,Y,Y
100141,102528,102704,,,,100000,Y,Y
100141,102534,102705,,,,100001,Y,Y
100141,102533,102706,,,,100000,Y,Y
100141,102536,102707,,,,100001,Y,Y
100141,102535,102708,,,,100000,Y,Y
100141,102538,102709,,,,100001,Y,Y
100141,102537,102710,,,,100000,Y,Y
100182,100800,102711,,,,100001,Y,Y
100182,102501,102712,,,,100001,Y,Y
100182,100181,102713,,,,100000,Y,Y
100182,102502,102714,,,,100001,Y,Y
100182,100000,102715,,,,100000,Y,Y
100182,102503,102716,,,,100001,Y,Y
100182,100102,102717,,,,100000,Y,Y
100182,102505,102718,,,,100001,Y,Y
100182,102504,102719,,,,100000,Y,Y
100182,102507,102720,,,,100001,Y,Y
100182,102506,102721,,,,100000,Y,Y
100182,102509,102722,,,,100001,Y,Y
100182,102508,102723,,,,100000,Y,Y
100182,102519,102724,,,,100001,Y,Y
100182,100271,102725,,,,100000,Y,Y
100182,102520,102726,,,,100001,Y,Y
100182,100025,102727,,,,100000,Y,Y
100182,102521,102728,,,,100001,Y,Y
100182,100382,102729,,,,100000,Y,Y
100182,102530,102730,,,,100001,Y,Y
100182,100272,102731,,,,100000,Y,Y
100182,102531,102732,,,,100001,Y,Y
100182,100264,102733,,,,100000,Y,Y
100182,102532,102734,,,,100001,Y,Y
100182,100383,102735,,,,100000,Y,Y
100182,102332,102736,,,,100001,Y,Y
100182,102331,102737,,,,100000,Y,Y
100182,102334,102738,,,,100001,Y,Y
100182,102333,102739,,,,100000,Y,Y
100182,102336,102740,,,,100001,Y,Y
100182,102335,102741,,,,100000,Y,Y
100182,102338,102742,,,,100001,Y,Y
100182,102337,102743,,,,100000,Y,Y
100182,102340,102744,,,,100001,Y,Y
100182,102339,102745,,,,100000,Y,Y
100182,102342,102746,,,,100001,Y,Y
100182,102341,102747,,,,100000,Y,Y
100182,102539,102748,,,,100001,Y,Y
100182,100274,102749,,,,100000,Y,Y
100182,102540,102750,,,,100001,Y,Y
100182,100042,102751,,,,100000,Y,Y
100182,102541,102752,,,,100001,Y,Y
100182,100384,102753,,,,100000,Y,Y
100182,102550,102754,,,,100001,Y,Y
100182,100182,102755,,,,100000,Y,Y
100182,102551,102756,,,,100001,Y,Y
100182,100179,102757,,,,100000,Y,Y
100182,102552,102758,,,,100001,Y,Y
100182,100385,102759,,,,100000,Y,Y
100144,102534,102760,,,,100001,Y,Y
100144,102533,102761,,,,100000,Y,Y
100144,102536,102762,,,,100001,Y,Y
100144,102535,102763,,,,100000,Y,Y
100144,102538,102764,,,,100001,Y,Y
100144,102537,102765,,,,100000,Y,Y
100144,100635,102766,,,,100001,Y,Y
100144,100535,102767,,,,100000,Y,Y
100144,100673,102768,,,,100001,Y,Y
100144,100573,102769,,,,100000,Y,Y
100144,102543,102770,,,,100001,Y,Y
100144,102542,102771,,,,100000,Y,Y
100144,102545,102772,,,,100001,Y,Y
100144,102544,102773,,,,100000,Y,Y
100144,102547,102774,,,,100001,Y,Y
100144,102546,102775,,,,100000,Y,Y
100144,102549,102776,,,,100001,Y,Y
100144,102548,102777,,,,100000,Y,Y
